DateLoaded,BlobName,ProcessedPath,FileLength,DUA,JobNumber
7/21/2016 6:44:52 PM +00:00,mpacms\cmsother\UploadTest.csv,..\Processed\UploadTest.csv,42
7/21/2016 7:14:15 PM +00:00,mpathr\quarterly\UploadTest.csv,..\Processed\UploadTest.csv,42
7/21/2016 7:14:57 PM +00:00,mpathr\quarterly\UploadTest.csv,..\Processed\UploadTest.csv,42
7/22/2016 2:57:05 AM +00:00,mpacms\cmsother\den_saf_lds_100_2014.csv,..\Processed\den_saf_lds_100_2014.csv,5755664807
7/22/2016 2:57:14 AM +00:00,mpathr\quarterly\Q4 2015 all inpatients.csv,..\Processed\Q4 2015 all inpatients.csv,18284439
7/22/2016 2:57:22 AM +00:00,mpathr\quarterly\Q4 2015 all inpt diagnosis ICD10 codes.csv,..\Processed\Q4 2015 all inpt diagnosis ICD10 codes.csv,27484641
7/22/2016 2:57:26 AM +00:00,mpathr\quarterly\Q4 2015 inpt ICD10 procedures.csv,..\Processed\Q4 2015 inpt ICD10 procedures.csv,10676951
7/22/2016 2:57:35 AM +00:00,mpathr\quarterly\Q4 2015 outpt CPT procedures.csv,..\Processed\Q4 2015 outpt CPT procedures.csv,31683745
7/22/2016 2:57:36 AM +00:00,mpathr\quarterly\UploadTest.csv,..\Processed\UploadTest.csv,42
7/25/2016 9:30:35 PM +00:00,cmsother\2014\out_claimsj_saf_lds_100_2014\out_claimsj_lds_100_2014.fts,..\Processed\out_claimsj_lds_100_2014.fts,26778
7/25/2016 9:33:41 PM +00:00,cmsother\2014\out_claimsj_saf_lds_100_2014\out_claimsj_lds_v6.sas,..\Processed\out_claimsj_lds_v6.sas,78817
7/25/2016 9:33:41 PM +00:00,cmsother\2014\out_claimsj_saf_lds_100_2014\out_claimsj_lds_v8.sas,..\Processed\out_claimsj_lds_v8.sas,52326
7/26/2016 8:00:36 AM +00:00,cmsother\2014\hha_saf_lds_100_2014\hha_claimsj_lds_100_2014.fts,..\Processed\hha_claimsj_lds_100_2014.fts,15284
7/26/2016 8:01:03 AM +00:00,cmsother\2014\hha_saf_lds_100_2014\hha_claimsj_lds_100_2014.zip,..\Processed\hha_claimsj_lds_100_2014.zip,301952262
7/26/2016 8:01:03 AM +00:00,cmsother\2014\hha_saf_lds_100_2014\hha_claimsj_lds_v6.sas,..\Processed\hha_claimsj_lds_v6.sas,44636
7/26/2016 8:01:04 AM +00:00,cmsother\2014\hha_saf_lds_100_2014\hha_claimsj_lds_v8.sas,..\Processed\hha_claimsj_lds_v8.sas,29716
7/26/2016 8:01:04 AM +00:00,cmsother\2014\hha_saf_lds_100_2014\hha_instcond_lds_100_2014.fts,..\Processed\hha_instcond_lds_100_2014.fts,2037
7/26/2016 8:01:06 AM +00:00,cmsother\2014\hha_saf_lds_100_2014\hha_instcond_lds_100_2014.zip,..\Processed\hha_instcond_lds_100_2014.zip,7665755
7/26/2016 8:01:06 AM +00:00,cmsother\2014\hha_saf_lds_100_2014\hha_instcond_lds_v6.sas,..\Processed\hha_instcond_lds_v6.sas,3622
7/26/2016 8:01:07 AM +00:00,cmsother\2014\hha_saf_lds_100_2014\hha_instcond_lds_v8.sas,..\Processed\hha_instcond_lds_v8.sas,2889
7/26/2016 8:01:07 AM +00:00,cmsother\2014\hha_saf_lds_100_2014\hha_instoccr_lds_100_2014.fts,..\Processed\hha_instoccr_lds_100_2014.fts,2154
7/26/2016 8:01:08 AM +00:00,cmsother\2014\hha_saf_lds_100_2014\hha_instoccr_lds_100_2014.zip,..\Processed\hha_instoccr_lds_100_2014.zip,2619173
7/26/2016 8:01:08 AM +00:00,cmsother\2014\hha_saf_lds_100_2014\hha_instoccr_lds_v6.sas,..\Processed\hha_instoccr_lds_v6.sas,4003
7/26/2016 8:01:08 AM +00:00,cmsother\2014\hha_saf_lds_100_2014\hha_instoccr_lds_v8.sas,..\Processed\hha_instoccr_lds_v8.sas,3154
7/26/2016 8:01:09 AM +00:00,cmsother\2014\hha_saf_lds_100_2014\hha_instval_lds_100_2014.fts,..\Processed\hha_instval_lds_100_2014.fts,2123
7/26/2016 8:01:28 AM +00:00,cmsother\2014\hha_saf_lds_100_2014\hha_instval_lds_100_2014.zip,..\Processed\hha_instval_lds_100_2014.zip,212484932
7/26/2016 8:01:28 AM +00:00,cmsother\2014\hha_saf_lds_100_2014\hha_instval_lds_v6.sas,..\Processed\hha_instval_lds_v6.sas,3951
7/26/2016 8:01:29 AM +00:00,cmsother\2014\hha_saf_lds_100_2014\hha_instval_lds_v8.sas,..\Processed\hha_instval_lds_v8.sas,3082
7/26/2016 8:01:29 AM +00:00,cmsother\2014\hha_saf_lds_100_2014\hha_revenuej_lds_100_2014.fts,..\Processed\hha_revenuej_lds_100_2014.fts,3582
7/26/2016 8:02:59 AM +00:00,cmsother\2014\hha_saf_lds_100_2014\hha_revenuej_lds_100_2014.zip,..\Processed\hha_revenuej_lds_100_2014.zip,1053447268
7/26/2016 8:03:00 AM +00:00,cmsother\2014\hha_saf_lds_100_2014\hha_revenuej_lds_v6.sas,..\Processed\hha_revenuej_lds_v6.sas,8498
7/26/2016 8:03:00 AM +00:00,cmsother\2014\hha_saf_lds_100_2014\hha_revenuej_lds_v8.sas,..\Processed\hha_revenuej_lds_v8.sas,6128
7/26/2016 8:03:00 AM +00:00,cmsother\2014\hosp_saf_lds_100_2014\hosp_claimsj_lds_100_2014.fts,..\Processed\hosp_claimsj_lds_100_2014.fts,15274
7/26/2016 8:03:17 AM +00:00,cmsother\2014\hosp_saf_lds_100_2014\hosp_claimsj_lds_100_2014.zip,..\Processed\hosp_claimsj_lds_100_2014.zip,185189756
7/26/2016 8:03:17 AM +00:00,cmsother\2014\hosp_saf_lds_100_2014\hosp_claimsj_lds_v6.sas,..\Processed\hosp_claimsj_lds_v6.sas,44639
7/26/2016 8:03:18 AM +00:00,cmsother\2014\hosp_saf_lds_100_2014\hosp_claimsj_lds_v8.sas,..\Processed\hosp_claimsj_lds_v8.sas,29740
7/26/2016 8:03:18 AM +00:00,cmsother\2014\hosp_saf_lds_100_2014\hosp_instcond_lds_100_2014.fts,..\Processed\hosp_instcond_lds_100_2014.fts,2044
7/26/2016 8:03:20 AM +00:00,cmsother\2014\hosp_saf_lds_100_2014\hosp_instcond_lds_100_2014.zip,..\Processed\hosp_instcond_lds_100_2014.zip,7429208
7/26/2016 8:03:20 AM +00:00,cmsother\2014\hosp_saf_lds_100_2014\hosp_instcond_lds_v6.sas,..\Processed\hosp_instcond_lds_v6.sas,3640
7/26/2016 8:03:21 AM +00:00,cmsother\2014\hosp_saf_lds_100_2014\hosp_instcond_lds_v8.sas,..\Processed\hosp_instcond_lds_v8.sas,2907
7/26/2016 8:03:21 AM +00:00,cmsother\2014\hosp_saf_lds_100_2014\hosp_instoccr_lds_100_2014.fts,..\Processed\hosp_instoccr_lds_100_2014.fts,2164
7/26/2016 8:03:25 AM +00:00,cmsother\2014\hosp_saf_lds_100_2014\hosp_instoccr_lds_100_2014.zip,..\Processed\hosp_instoccr_lds_100_2014.zip,29408319
7/26/2016 8:03:25 AM +00:00,cmsother\2014\hosp_saf_lds_100_2014\hosp_instoccr_lds_v6.sas,..\Processed\hosp_instoccr_lds_v6.sas,4021
7/26/2016 8:03:26 AM +00:00,cmsother\2014\hosp_saf_lds_100_2014\hosp_instoccr_lds_v8.sas,..\Processed\hosp_instoccr_lds_v8.sas,3172
7/26/2016 8:03:26 AM +00:00,cmsother\2014\hosp_saf_lds_100_2014\hosp_instval_lds_100_2014.fts,..\Processed\hosp_instval_lds_100_2014.fts,2128
7/26/2016 8:03:34 AM +00:00,cmsother\2014\hosp_saf_lds_100_2014\hosp_instval_lds_100_2014.zip,..\Processed\hosp_instval_lds_100_2014.zip,76725618
7/26/2016 8:03:34 AM +00:00,cmsother\2014\hosp_saf_lds_100_2014\hosp_instval_lds_v6.sas,..\Processed\hosp_instval_lds_v6.sas,3969
7/26/2016 8:03:34 AM +00:00,cmsother\2014\hosp_saf_lds_100_2014\hosp_instval_lds_v8.sas,..\Processed\hosp_instval_lds_v8.sas,3100
7/26/2016 8:03:34 AM +00:00,cmsother\2014\hosp_saf_lds_100_2014\hosp_revenuej_lds_100_2014.fts,..\Processed\hosp_revenuej_lds_100_2014.fts,3476
7/26/2016 8:04:37 AM +00:00,cmsother\2014\hosp_saf_lds_100_2014\hosp_revenuej_lds_100_2014.zip,..\Processed\hosp_revenuej_lds_100_2014.zip,730028455
7/26/2016 8:04:38 AM +00:00,cmsother\2014\hosp_saf_lds_100_2014\hosp_revenuej_lds_v6.sas,..\Processed\hosp_revenuej_lds_v6.sas,8147
7/26/2016 8:04:38 AM +00:00,cmsother\2014\hosp_saf_lds_100_2014\hosp_revenuej_lds_v8.sas,..\Processed\hosp_revenuej_lds_v8.sas,5901
7/26/2016 8:04:39 AM +00:00,cmsother\2014\snf_saf_lds_100_2014\snf_claimsj_lds_100_2014.fts,..\Processed\snf_claimsj_lds_100_2014.fts,28126
7/26/2016 8:05:03 AM +00:00,cmsother\2014\snf_saf_lds_100_2014\snf_claimsj_lds_100_2014.zip,..\Processed\snf_claimsj_lds_100_2014.zip,266764702
7/26/2016 8:05:03 AM +00:00,cmsother\2014\snf_saf_lds_100_2014\snf_claimsj_lds_v6.sas,..\Processed\snf_claimsj_lds_v6.sas,84350
7/26/2016 8:05:03 AM +00:00,cmsother\2014\snf_saf_lds_100_2014\snf_claimsj_lds_v8.sas,..\Processed\snf_claimsj_lds_v8.sas,56128
7/26/2016 8:05:04 AM +00:00,cmsother\2014\snf_saf_lds_100_2014\snf_instcond_lds_100_2014.fts,..\Processed\snf_instcond_lds_100_2014.fts,2037
7/26/2016 8:05:06 AM +00:00,cmsother\2014\snf_saf_lds_100_2014\snf_instcond_lds_100_2014.zip,..\Processed\snf_instcond_lds_100_2014.zip,12991922
7/26/2016 8:05:07 AM +00:00,cmsother\2014\snf_saf_lds_100_2014\snf_instcond_lds_v6.sas,..\Processed\snf_instcond_lds_v6.sas,3622
7/26/2016 8:05:07 AM +00:00,cmsother\2014\snf_saf_lds_100_2014\snf_instcond_lds_v8.sas,..\Processed\snf_instcond_lds_v8.sas,2889
7/26/2016 8:05:07 AM +00:00,cmsother\2014\snf_saf_lds_100_2014\snf_instoccr_lds_100_2014.fts,..\Processed\snf_instoccr_lds_100_2014.fts,2157
7/26/2016 8:05:12 AM +00:00,cmsother\2014\snf_saf_lds_100_2014\snf_instoccr_lds_100_2014.zip,..\Processed\snf_instoccr_lds_100_2014.zip,47945674
7/26/2016 8:05:13 AM +00:00,cmsother\2014\snf_saf_lds_100_2014\snf_instoccr_lds_v6.sas,..\Processed\snf_instoccr_lds_v6.sas,4003
7/26/2016 8:05:13 AM +00:00,cmsother\2014\snf_saf_lds_100_2014\snf_instoccr_lds_v8.sas,..\Processed\snf_instoccr_lds_v8.sas,3154
7/26/2016 8:05:13 AM +00:00,cmsother\2014\snf_saf_lds_100_2014\snf_instval_lds_100_2014.fts,..\Processed\snf_instval_lds_100_2014.fts,2121
7/26/2016 8:05:22 AM +00:00,cmsother\2014\snf_saf_lds_100_2014\snf_instval_lds_100_2014.zip,..\Processed\snf_instval_lds_100_2014.zip,89807577
7/26/2016 8:05:22 AM +00:00,cmsother\2014\snf_saf_lds_100_2014\snf_instval_lds_v6.sas,..\Processed\snf_instval_lds_v6.sas,3951
7/26/2016 8:05:22 AM +00:00,cmsother\2014\snf_saf_lds_100_2014\snf_instval_lds_v8.sas,..\Processed\snf_instval_lds_v8.sas,3082
7/26/2016 8:05:23 AM +00:00,cmsother\2014\snf_saf_lds_100_2014\snf_revenuej_lds_100_2014.fts,..\Processed\snf_revenuej_lds_100_2014.fts,2735
7/26/2016 8:05:55 AM +00:00,cmsother\2014\snf_saf_lds_100_2014\snf_revenuej_lds_100_2014.zip,..\Processed\snf_revenuej_lds_100_2014.zip,371283189
7/26/2016 8:05:55 AM +00:00,cmsother\2014\snf_saf_lds_100_2014\snf_revenuej_lds_v6.sas,..\Processed\snf_revenuej_lds_v6.sas,5845
7/26/2016 8:05:56 AM +00:00,cmsother\2014\snf_saf_lds_100_2014\snf_revenuej_lds_v8.sas,..\Processed\snf_revenuej_lds_v8.sas,4344
7/26/2016 9:40:47 AM +00:00,cmsother\2014\out_claimsj_saf_lds_100_2014\out_claimsj_lds_100_2014.fts,..\Processed\out_claimsj_lds_100_2014.fts,26778
7/26/2016 9:43:25 AM +00:00,cmsother\2014\out_claimsj_saf_lds_100_2014\out_claimsj_lds_100_2014_q1.zip,..\Processed\out_claimsj_lds_100_2014_q1.zip,1844462402
7/26/2016 9:46:12 AM +00:00,cmsother\2014\out_claimsj_saf_lds_100_2014\out_claimsj_lds_100_2014_q2.zip,..\Processed\out_claimsj_lds_100_2014_q2.zip,1963183034
7/26/2016 9:49:23 AM +00:00,cmsother\2014\out_claimsj_saf_lds_100_2014\out_claimsj_lds_100_2014_q3.zip,..\Processed\out_claimsj_lds_100_2014_q3.zip,1969505388
7/26/2016 9:52:10 AM +00:00,cmsother\2014\out_claimsj_saf_lds_100_2014\out_claimsj_lds_100_2014_q4.zip,..\Processed\out_claimsj_lds_100_2014_q4.zip,1949994534
7/26/2016 9:52:10 AM +00:00,cmsother\2014\out_saf_lds_100_2014_instcondoccr_exe\out_instcond_lds_100_2014.fts,..\Processed\out_instcond_lds_100_2014.fts,2048
7/26/2016 9:52:50 AM +00:00,cmsother\2014\out_saf_lds_100_2014_instcondoccr_exe\out_instcond_lds_100_2014.zip,..\Processed\out_instcond_lds_100_2014.zip,458745584
7/26/2016 9:52:51 AM +00:00,cmsother\2014\out_saf_lds_100_2014_instcondoccr_exe\out_instcond_lds_v6.sas,..\Processed\out_instcond_lds_v6.sas,3643
7/26/2016 9:52:51 AM +00:00,cmsother\2014\out_saf_lds_100_2014_instcondoccr_exe\out_instcond_lds_v8.sas,..\Processed\out_instcond_lds_v8.sas,2910
7/26/2016 9:52:51 AM +00:00,cmsother\2014\out_saf_lds_100_2014_instcondoccr_exe\out_instoccr_lds_100_2014.fts,..\Processed\out_instoccr_lds_100_2014.fts,2168
7/26/2016 9:54:30 AM +00:00,cmsother\2014\out_saf_lds_100_2014_instcondoccr_exe\out_instoccr_lds_100_2014.zip,..\Processed\out_instoccr_lds_100_2014.zip,1152994022
7/26/2016 9:54:31 AM +00:00,cmsother\2014\out_saf_lds_100_2014_instcondoccr_exe\out_instoccr_lds_v6.sas,..\Processed\out_instoccr_lds_v6.sas,4024
7/26/2016 9:54:31 AM +00:00,cmsother\2014\out_saf_lds_100_2014_instcondoccr_exe\out_instoccr_lds_v8.sas,..\Processed\out_instoccr_lds_v8.sas,3175
7/26/2016 9:54:32 AM +00:00,cmsother\2014\out_saf_lds_100_2014_instval_exe\out_instval_lds_100_2014.fts,..\Processed\out_instval_lds_100_2014.fts,2132
7/26/2016 9:58:35 AM +00:00,cmsother\2014\out_saf_lds_100_2014_instval_exe\out_instval_lds_100_2014.zip,..\Processed\out_instval_lds_100_2014.zip,2855411602
7/26/2016 9:58:35 AM +00:00,cmsother\2014\out_saf_lds_100_2014_instval_exe\out_instval_lds_v6.sas,..\Processed\out_instval_lds_v6.sas,3972
7/26/2016 9:58:36 AM +00:00,cmsother\2014\out_saf_lds_100_2014_instval_exe\out_instval_lds_v8.sas,..\Processed\out_instval_lds_v8.sas,3103
7/26/2016 5:03:22 PM +00:00,cmsother\2014\out_revenuej_saf_lds_100_2014\out_revenuej_lds_100_201401.zip,..\Processed\out_revenuej_lds_100_201401.zip,1383801459,26092,20150421-137P
7/26/2016 5:09:58 PM +00:00,cmsother\2014\out_revenuej_saf_lds_100_2014\out_revenuej_lds_100_201402.zip,..\Processed\out_revenuej_lds_100_201402.zip,1243086186,26092,20150421-137P
7/26/2016 5:15:10 PM +00:00,cmsother\2014\out_revenuej_saf_lds_100_2014\out_revenuej_lds_100_201403.zip,..\Processed\out_revenuej_lds_100_201403.zip,1352863535,26092,20150421-137P
7/26/2016 5:17:24 PM +00:00,cmsother\2014\out_revenuej_saf_lds_100_2014\out_revenuej_lds_100_201404.zip,..\Processed\out_revenuej_lds_100_201404.zip,1401272166,26092,20150421-137P
7/26/2016 5:19:42 PM +00:00,cmsother\2014\out_revenuej_saf_lds_100_2014\out_revenuej_lds_100_201405.zip,..\Processed\out_revenuej_lds_100_201405.zip,1397083012,26092,20150421-137P
7/26/2016 5:21:50 PM +00:00,cmsother\2014\out_revenuej_saf_lds_100_2014\out_revenuej_lds_100_201406.zip,..\Processed\out_revenuej_lds_100_201406.zip,1370730471,26092,20150421-137P
7/26/2016 5:24:04 PM +00:00,cmsother\2014\out_revenuej_saf_lds_100_2014\out_revenuej_lds_100_201407.zip,..\Processed\out_revenuej_lds_100_201407.zip,1424807200,26092,20150421-137P
7/26/2016 5:26:24 PM +00:00,cmsother\2014\out_revenuej_saf_lds_100_2014\out_revenuej_lds_100_201408.zip,..\Processed\out_revenuej_lds_100_201408.zip,1364645759,26092,20150421-137P
7/26/2016 5:29:05 PM +00:00,cmsother\2014\out_revenuej_saf_lds_100_2014\out_revenuej_lds_100_201409.zip,..\Processed\out_revenuej_lds_100_201409.zip,1415997223,26092,20150421-137P
7/26/2016 5:31:15 PM +00:00,cmsother\2014\out_revenuej_saf_lds_100_2014\out_revenuej_lds_100_201410.zip,..\Processed\out_revenuej_lds_100_201410.zip,1520130113,26092,20150421-137P
7/26/2016 5:32:45 PM +00:00,cmsother\2014\out_revenuej_saf_lds_100_2014\out_revenuej_lds_100_2014.fts,..\Processed\out_revenuej_lds_100_2014.fts,6452,26092,20150421-137P
7/26/2016 5:34:34 PM +00:00,cmsother\2014\out_revenuej_saf_lds_100_2014\out_revenuej_lds_100_201411.zip,..\Processed\out_revenuej_lds_100_201411.zip,1265872077,26092,20150421-137P
7/26/2016 5:36:34 PM +00:00,cmsother\2014\out_revenuej_saf_lds_100_2014\out_revenuej_lds_100_201412.zip,..\Processed\out_revenuej_lds_100_201412.zip,1381633383,26092,20150421-137P
7/26/2016 5:36:34 PM +00:00,cmsother\2014\out_revenuej_saf_lds_100_2014\out_revenuej_lds_v6.sas,..\Processed\out_revenuej_lds_v6.sas,13593,26092,20150421-137P
7/26/2016 5:36:34 PM +00:00,cmsother\2014\out_revenuej_saf_lds_100_2014\out_revenuej_lds_v8.sas,..\Processed\out_revenuej_lds_v8.sas,9643,26092,20150421-137P
7/26/2016 5:59:10 PM +00:00,cmsother\2011\hha_saf_lds_100_2011_exe\hha_claimsj_lds_100_2011.fts,..\Processed\hha_claimsj_lds_100_2011.fts,15281,26092,20150421-137P
7/26/2016 5:59:42 PM +00:00,cmsother\2011\hha_saf_lds_100_2011_exe\hha_claimsj_lds_100_2011.zip,..\Processed\hha_claimsj_lds_100_2011.zip,354079636,26092,20150421-137P
7/26/2016 5:59:42 PM +00:00,cmsother\2011\hha_saf_lds_100_2011_exe\hha_claimsj_lds_v6.sas,..\Processed\hha_claimsj_lds_v6.sas,44646,26092,20150421-137P
7/26/2016 5:59:42 PM +00:00,cmsother\2011\hha_saf_lds_100_2011_exe\hha_claimsj_lds_v8.sas,..\Processed\hha_claimsj_lds_v8.sas,29741,26092,20150421-137P
7/26/2016 6:00:52 PM +00:00,cmsother\2011\hha_saf_lds_100_2011\hha_claimsj_lds_100_2011.fts,..\Processed\hha_claimsj_lds_100_2011.fts,15281,26092,20150421-137P
7/26/2016 6:01:23 PM +00:00,cmsother\2011\hha_saf_lds_100_2011\hha_claimsj_lds_100_2011.zip,..\Processed\hha_claimsj_lds_100_2011.zip,354079636,26092,20150421-137P
7/26/2016 6:01:23 PM +00:00,cmsother\2011\hha_saf_lds_100_2011\hha_claimsj_lds_v6.sas,..\Processed\hha_claimsj_lds_v6.sas,44646,26092,20150421-137P
7/26/2016 6:01:24 PM +00:00,cmsother\2011\hha_saf_lds_100_2011\hha_claimsj_lds_v8.sas,..\Processed\hha_claimsj_lds_v8.sas,29741,26092,20150421-137P
7/26/2016 6:01:24 PM +00:00,cmsother\2011\hha_saf_lds_100_2011\hha_instcond_lds_100_2011.fts,..\Processed\hha_instcond_lds_100_2011.fts,2032,26092,20150421-137P
7/26/2016 6:01:26 PM +00:00,cmsother\2011\hha_saf_lds_100_2011\hha_instcond_lds_100_2011.zip,..\Processed\hha_instcond_lds_100_2011.zip,6452393,26092,20150421-137P
7/26/2016 6:01:26 PM +00:00,cmsother\2011\hha_saf_lds_100_2011\hha_instcond_lds_v6.sas,..\Processed\hha_instcond_lds_v6.sas,3634,26092,20150421-137P
7/26/2016 6:01:27 PM +00:00,cmsother\2011\hha_saf_lds_100_2011\hha_instcond_lds_v8.sas,..\Processed\hha_instcond_lds_v8.sas,2919,26092,20150421-137P
7/26/2016 6:01:27 PM +00:00,cmsother\2011\hha_saf_lds_100_2011\hha_instoccr_lds_100_2011.fts,..\Processed\hha_instoccr_lds_100_2011.fts,2151,26092,20150421-137P
7/26/2016 6:01:29 PM +00:00,cmsother\2011\hha_saf_lds_100_2011\hha_instoccr_lds_100_2011.zip,..\Processed\hha_instoccr_lds_100_2011.zip,4758376,26092,20150421-137P
7/26/2016 6:01:29 PM +00:00,cmsother\2011\hha_saf_lds_100_2011\hha_instoccr_lds_v6.sas,..\Processed\hha_instoccr_lds_v6.sas,4015,26092,20150421-137P
7/26/2016 6:01:30 PM +00:00,cmsother\2011\hha_saf_lds_100_2011\hha_instoccr_lds_v8.sas,..\Processed\hha_instoccr_lds_v8.sas,3184,26092,20150421-137P
7/26/2016 6:01:30 PM +00:00,cmsother\2011\hha_saf_lds_100_2011\hha_instval_lds_100_2011.fts,..\Processed\hha_instval_lds_100_2011.fts,2118,26092,20150421-137P
7/26/2016 6:01:43 PM +00:00,cmsother\2011\hha_saf_lds_100_2011\hha_instval_lds_100_2011.zip,..\Processed\hha_instval_lds_100_2011.zip,145753799,26092,20150421-137P
7/26/2016 6:01:43 PM +00:00,cmsother\2011\hha_saf_lds_100_2011\hha_instval_lds_v6.sas,..\Processed\hha_instval_lds_v6.sas,3963,26092,20150421-137P
7/26/2016 6:01:44 PM +00:00,cmsother\2011\hha_saf_lds_100_2011\hha_instval_lds_v8.sas,..\Processed\hha_instval_lds_v8.sas,3112,26092,20150421-137P
7/26/2016 6:01:44 PM +00:00,cmsother\2011\hha_saf_lds_100_2011\hha_revenuej_lds_100_2011.fts,..\Processed\hha_revenuej_lds_100_2011.fts,3579,26092,20150421-137P
7/26/2016 6:03:21 PM +00:00,cmsother\2011\hha_saf_lds_100_2011\hha_revenuej_lds_100_2011.zip,..\Processed\hha_revenuej_lds_100_2011.zip,1102263880,26092,20150421-137P
7/26/2016 6:03:21 PM +00:00,cmsother\2011\hha_saf_lds_100_2011\hha_revenuej_lds_v6.sas,..\Processed\hha_revenuej_lds_v6.sas,8508,26092,20150421-137P
7/26/2016 6:03:22 PM +00:00,cmsother\2011\hha_saf_lds_100_2011\hha_revenuej_lds_v8.sas,..\Processed\hha_revenuej_lds_v8.sas,6153,26092,20150421-137P
7/26/2016 6:04:44 PM +00:00,cmsother\2011\hha_saf_lds_100_2012\hha_claimsj_lds_100_2012.fts,..\Processed\hha_claimsj_lds_100_2012.fts,15283,26092,20150421-137P
7/26/2016 6:05:10 PM +00:00,cmsother\2011\hha_saf_lds_100_2012\hha_claimsj_lds_100_2012.zip,..\Processed\hha_claimsj_lds_100_2012.zip,291681265,26092,20150421-137P
7/26/2016 6:05:10 PM +00:00,cmsother\2011\hha_saf_lds_100_2012\hha_claimsj_lds_v6.sas,..\Processed\hha_claimsj_lds_v6.sas,44635,26092,20150421-137P
7/26/2016 6:05:11 PM +00:00,cmsother\2011\hha_saf_lds_100_2012\hha_claimsj_lds_v8.sas,..\Processed\hha_claimsj_lds_v8.sas,29715,26092,20150421-137P
7/26/2016 6:05:11 PM +00:00,cmsother\2011\hha_saf_lds_100_2012\hha_instcond_lds_100_2012.fts,..\Processed\hha_instcond_lds_100_2012.fts,2034,26092,20150421-137P
7/26/2016 6:05:13 PM +00:00,cmsother\2011\hha_saf_lds_100_2012\hha_instcond_lds_100_2012.zip,..\Processed\hha_instcond_lds_100_2012.zip,5945607,26092,20150421-137P
7/26/2016 6:05:14 PM +00:00,cmsother\2011\hha_saf_lds_100_2012\hha_instcond_lds_v6.sas,..\Processed\hha_instcond_lds_v6.sas,3621,26092,20150421-137P
7/26/2016 6:05:14 PM +00:00,cmsother\2011\hha_saf_lds_100_2012\hha_instcond_lds_v8.sas,..\Processed\hha_instcond_lds_v8.sas,2888,26092,20150421-137P
7/26/2016 6:05:14 PM +00:00,cmsother\2011\hha_saf_lds_100_2012\hha_instoccr_lds_100_2012.fts,..\Processed\hha_instoccr_lds_100_2012.fts,2153,26092,20150421-137P
7/26/2016 6:05:16 PM +00:00,cmsother\2011\hha_saf_lds_100_2012\hha_instoccr_lds_100_2012.zip,..\Processed\hha_instoccr_lds_100_2012.zip,3514320,26092,20150421-137P
7/26/2016 6:05:16 PM +00:00,cmsother\2011\hha_saf_lds_100_2012\hha_instoccr_lds_v6.sas,..\Processed\hha_instoccr_lds_v6.sas,4002,26092,20150421-137P
7/26/2016 6:05:16 PM +00:00,cmsother\2011\hha_saf_lds_100_2012\hha_instoccr_lds_v8.sas,..\Processed\hha_instoccr_lds_v8.sas,3153,26092,20150421-137P
7/26/2016 6:05:17 PM +00:00,cmsother\2011\hha_saf_lds_100_2012\hha_instval_lds_100_2012.fts,..\Processed\hha_instval_lds_100_2012.fts,2122,26092,20150421-137P
7/26/2016 6:05:32 PM +00:00,cmsother\2011\hha_saf_lds_100_2012\hha_instval_lds_100_2012.zip,..\Processed\hha_instval_lds_100_2012.zip,166009362,26092,20150421-137P
7/26/2016 6:05:32 PM +00:00,cmsother\2011\hha_saf_lds_100_2012\hha_instval_lds_v6.sas,..\Processed\hha_instval_lds_v6.sas,3950,26092,20150421-137P
7/26/2016 6:05:33 PM +00:00,cmsother\2011\hha_saf_lds_100_2012\hha_instval_lds_v8.sas,..\Processed\hha_instval_lds_v8.sas,3081,26092,20150421-137P
7/26/2016 6:05:33 PM +00:00,cmsother\2011\hha_saf_lds_100_2012\hha_revenuej_lds_100_2012.fts,..\Processed\hha_revenuej_lds_100_2012.fts,3581,26092,20150421-137P
7/26/2016 6:07:03 PM +00:00,cmsother\2011\hha_saf_lds_100_2012\hha_revenuej_lds_100_2012.zip,..\Processed\hha_revenuej_lds_100_2012.zip,1040076557,26092,20150421-137P
7/26/2016 6:07:04 PM +00:00,cmsother\2011\hha_saf_lds_100_2012\hha_revenuej_lds_v6.sas,..\Processed\hha_revenuej_lds_v6.sas,8497,26092,20150421-137P
7/26/2016 6:07:04 PM +00:00,cmsother\2011\hha_saf_lds_100_2012\hha_revenuej_lds_v8.sas,..\Processed\hha_revenuej_lds_v8.sas,6127,26092,20150421-137P
7/26/2016 6:37:09 PM +00:00,cmsother\2012\hha_saf_lds_100_2012\hha_claimsj_lds_100_2012.fts,..\Processed\hha_claimsj_lds_100_2012.fts,15283,26092,20150421-137P
7/26/2016 6:37:35 PM +00:00,cmsother\2012\hha_saf_lds_100_2012\hha_claimsj_lds_100_2012.zip,..\Processed\hha_claimsj_lds_100_2012.zip,291681265,26092,20150421-137P
7/26/2016 6:37:35 PM +00:00,cmsother\2012\hha_saf_lds_100_2012\hha_claimsj_lds_v6.sas,..\Processed\hha_claimsj_lds_v6.sas,44635,26092,20150421-137P
7/26/2016 6:37:35 PM +00:00,cmsother\2012\hha_saf_lds_100_2012\hha_claimsj_lds_v8.sas,..\Processed\hha_claimsj_lds_v8.sas,29715,26092,20150421-137P
7/26/2016 6:37:35 PM +00:00,cmsother\2012\hha_saf_lds_100_2012\hha_instcond_lds_100_2012.fts,..\Processed\hha_instcond_lds_100_2012.fts,2034,26092,20150421-137P
7/26/2016 6:37:38 PM +00:00,cmsother\2012\hha_saf_lds_100_2012\hha_instcond_lds_100_2012.zip,..\Processed\hha_instcond_lds_100_2012.zip,5945607,26092,20150421-137P
7/26/2016 6:37:38 PM +00:00,cmsother\2012\hha_saf_lds_100_2012\hha_instcond_lds_v6.sas,..\Processed\hha_instcond_lds_v6.sas,3621,26092,20150421-137P
7/26/2016 6:37:39 PM +00:00,cmsother\2012\hha_saf_lds_100_2012\hha_instcond_lds_v8.sas,..\Processed\hha_instcond_lds_v8.sas,2888,26092,20150421-137P
7/26/2016 6:37:39 PM +00:00,cmsother\2012\hha_saf_lds_100_2012\hha_instoccr_lds_100_2012.fts,..\Processed\hha_instoccr_lds_100_2012.fts,2153,26092,20150421-137P
7/26/2016 6:37:41 PM +00:00,cmsother\2012\hha_saf_lds_100_2012\hha_instoccr_lds_100_2012.zip,..\Processed\hha_instoccr_lds_100_2012.zip,3514320,26092,20150421-137P
7/26/2016 6:37:41 PM +00:00,cmsother\2012\hha_saf_lds_100_2012\hha_instoccr_lds_v6.sas,..\Processed\hha_instoccr_lds_v6.sas,4002,26092,20150421-137P
7/26/2016 6:37:42 PM +00:00,cmsother\2012\hha_saf_lds_100_2012\hha_instoccr_lds_v8.sas,..\Processed\hha_instoccr_lds_v8.sas,3153,26092,20150421-137P
7/26/2016 6:37:42 PM +00:00,cmsother\2012\hha_saf_lds_100_2012\hha_instval_lds_100_2012.fts,..\Processed\hha_instval_lds_100_2012.fts,2122,26092,20150421-137P
7/26/2016 6:37:58 PM +00:00,cmsother\2012\hha_saf_lds_100_2012\hha_instval_lds_100_2012.zip,..\Processed\hha_instval_lds_100_2012.zip,166009362,26092,20150421-137P
7/26/2016 6:37:58 PM +00:00,cmsother\2012\hha_saf_lds_100_2012\hha_instval_lds_v6.sas,..\Processed\hha_instval_lds_v6.sas,3950,26092,20150421-137P
7/26/2016 6:37:59 PM +00:00,cmsother\2012\hha_saf_lds_100_2012\hha_instval_lds_v8.sas,..\Processed\hha_instval_lds_v8.sas,3081,26092,20150421-137P
7/26/2016 6:37:59 PM +00:00,cmsother\2012\hha_saf_lds_100_2012\hha_revenuej_lds_100_2012.fts,..\Processed\hha_revenuej_lds_100_2012.fts,3581,26092,20150421-137P
7/26/2016 6:39:28 PM +00:00,cmsother\2012\hha_saf_lds_100_2012\hha_revenuej_lds_100_2012.zip,..\Processed\hha_revenuej_lds_100_2012.zip,1040076557,26092,20150421-137P
7/26/2016 6:39:29 PM +00:00,cmsother\2012\hha_saf_lds_100_2012\hha_revenuej_lds_v6.sas,..\Processed\hha_revenuej_lds_v6.sas,8497,26092,20150421-137P
7/26/2016 6:39:29 PM +00:00,cmsother\2012\hha_saf_lds_100_2012\hha_revenuej_lds_v8.sas,..\Processed\hha_revenuej_lds_v8.sas,6127,26092,20150421-137P
7/26/2016 6:39:29 PM +00:00,cmsother\2013\hha_saf_lds_100_2013\hha_claimsj_lds_100_2013.fts,..\Processed\hha_claimsj_lds_100_2013.fts,15284,26092,20150421-137P
7/26/2016 6:39:56 PM +00:00,cmsother\2013\hha_saf_lds_100_2013\hha_claimsj_lds_100_2013.zip,..\Processed\hha_claimsj_lds_100_2013.zip,306198080,26092,20150421-137P
7/26/2016 6:39:57 PM +00:00,cmsother\2013\hha_saf_lds_100_2013\hha_claimsj_lds_v6.sas,..\Processed\hha_claimsj_lds_v6.sas,44636,26092,20150421-137P
7/26/2016 6:39:57 PM +00:00,cmsother\2013\hha_saf_lds_100_2013\hha_claimsj_lds_v8.sas,..\Processed\hha_claimsj_lds_v8.sas,29716,26092,20150421-137P
7/26/2016 6:39:57 PM +00:00,cmsother\2013\hha_saf_lds_100_2013\hha_instcond_lds_100_2013.fts,..\Processed\hha_instcond_lds_100_2013.fts,2037,26092,20150421-137P
7/26/2016 6:39:59 PM +00:00,cmsother\2013\hha_saf_lds_100_2013\hha_instcond_lds_100_2013.zip,..\Processed\hha_instcond_lds_100_2013.zip,7063595,26092,20150421-137P
7/26/2016 6:40:00 PM +00:00,cmsother\2013\hha_saf_lds_100_2013\hha_instcond_lds_v6.sas,..\Processed\hha_instcond_lds_v6.sas,3622,26092,20150421-137P
7/26/2016 6:40:00 PM +00:00,cmsother\2013\hha_saf_lds_100_2013\hha_instcond_lds_v8.sas,..\Processed\hha_instcond_lds_v8.sas,2889,26092,20150421-137P
7/26/2016 6:40:00 PM +00:00,cmsother\2013\hha_saf_lds_100_2013\hha_instoccr_lds_100_2013.fts,..\Processed\hha_instoccr_lds_100_2013.fts,2154,26092,20150421-137P
7/26/2016 6:40:02 PM +00:00,cmsother\2013\hha_saf_lds_100_2013\hha_instoccr_lds_100_2013.zip,..\Processed\hha_instoccr_lds_100_2013.zip,3309480,26092,20150421-137P
7/26/2016 6:40:02 PM +00:00,cmsother\2013\hha_saf_lds_100_2013\hha_instoccr_lds_v6.sas,..\Processed\hha_instoccr_lds_v6.sas,4003,26092,20150421-137P
7/26/2016 6:40:02 PM +00:00,cmsother\2013\hha_saf_lds_100_2013\hha_instoccr_lds_v8.sas,..\Processed\hha_instoccr_lds_v8.sas,3154,26092,20150421-137P
7/26/2016 6:40:03 PM +00:00,cmsother\2013\hha_saf_lds_100_2013\hha_instval_lds_100_2013.fts,..\Processed\hha_instval_lds_100_2013.fts,2123,26092,20150421-137P
7/26/2016 6:40:21 PM +00:00,cmsother\2013\hha_saf_lds_100_2013\hha_instval_lds_100_2013.zip,..\Processed\hha_instval_lds_100_2013.zip,206084595,26092,20150421-137P
7/26/2016 6:40:21 PM +00:00,cmsother\2013\hha_saf_lds_100_2013\hha_instval_lds_v6.sas,..\Processed\hha_instval_lds_v6.sas,3951,26092,20150421-137P
7/26/2016 6:40:21 PM +00:00,cmsother\2013\hha_saf_lds_100_2013\hha_instval_lds_v8.sas,..\Processed\hha_instval_lds_v8.sas,3082,26092,20150421-137P
7/26/2016 6:40:22 PM +00:00,cmsother\2013\hha_saf_lds_100_2013\hha_revenuej_lds_100_2013.fts,..\Processed\hha_revenuej_lds_100_2013.fts,3582,26092,20150421-137P
7/26/2016 6:41:52 PM +00:00,cmsother\2013\hha_saf_lds_100_2013\hha_revenuej_lds_100_2013.zip,..\Processed\hha_revenuej_lds_100_2013.zip,1046366987,26092,20150421-137P
7/26/2016 6:41:52 PM +00:00,cmsother\2013\hha_saf_lds_100_2013\hha_revenuej_lds_v6.sas,..\Processed\hha_revenuej_lds_v6.sas,8498,26092,20150421-137P
7/26/2016 6:41:52 PM +00:00,cmsother\2013\hha_saf_lds_100_2013\hha_revenuej_lds_v8.sas,..\Processed\hha_revenuej_lds_v8.sas,6128,26092,20150421-137P
7/26/2016 6:55:43 PM +00:00,cmsother\2011\hosp_saf_lds_100_2011\hosp_claimsj_lds_100_2011.fts,..\Processed\hosp_claimsj_lds_100_2011.fts,15269,26092,20150421-137P
7/26/2016 6:55:58 PM +00:00,cmsother\2011\hosp_saf_lds_100_2011\hosp_claimsj_lds_100_2011.zip,..\Processed\hosp_claimsj_lds_100_2011.zip,164134867,26092,20150421-137P
7/26/2016 6:55:59 PM +00:00,cmsother\2011\hosp_saf_lds_100_2011\hosp_claimsj_lds_v6.sas,..\Processed\hosp_claimsj_lds_v6.sas,44649,26092,20150421-137P
7/26/2016 6:55:59 PM +00:00,cmsother\2011\hosp_saf_lds_100_2011\hosp_claimsj_lds_v8.sas,..\Processed\hosp_claimsj_lds_v8.sas,29765,26092,20150421-137P
7/26/2016 6:55:59 PM +00:00,cmsother\2011\hosp_saf_lds_100_2011\hosp_instcond_lds_100_2011.fts,..\Processed\hosp_instcond_lds_100_2011.fts,2041,26092,20150421-137P
7/26/2016 6:56:02 PM +00:00,cmsother\2011\hosp_saf_lds_100_2011\hosp_instcond_lds_100_2011.zip,..\Processed\hosp_instcond_lds_100_2011.zip,6964399,26092,20150421-137P
7/26/2016 6:56:02 PM +00:00,cmsother\2011\hosp_saf_lds_100_2011\hosp_instcond_lds_v6.sas,..\Processed\hosp_instcond_lds_v6.sas,3652,26092,20150421-137P
7/26/2016 6:56:02 PM +00:00,cmsother\2011\hosp_saf_lds_100_2011\hosp_instcond_lds_v8.sas,..\Processed\hosp_instcond_lds_v8.sas,2937,26092,20150421-137P
7/26/2016 6:56:02 PM +00:00,cmsother\2011\hosp_saf_lds_100_2011\hosp_instoccr_lds_100_2011.fts,..\Processed\hosp_instoccr_lds_100_2011.fts,2161,26092,20150421-137P
7/26/2016 6:56:06 PM +00:00,cmsother\2011\hosp_saf_lds_100_2011\hosp_instoccr_lds_100_2011.zip,..\Processed\hosp_instoccr_lds_100_2011.zip,28327418,26092,20150421-137P
7/26/2016 6:56:06 PM +00:00,cmsother\2011\hosp_saf_lds_100_2011\hosp_instoccr_lds_v6.sas,..\Processed\hosp_instoccr_lds_v6.sas,4033,26092,20150421-137P
7/26/2016 6:56:06 PM +00:00,cmsother\2011\hosp_saf_lds_100_2011\hosp_instoccr_lds_v8.sas,..\Processed\hosp_instoccr_lds_v8.sas,3202,26092,20150421-137P
7/26/2016 6:56:07 PM +00:00,cmsother\2011\hosp_saf_lds_100_2011\hosp_instval_lds_100_2011.fts,..\Processed\hosp_instval_lds_100_2011.fts,2124,26092,20150421-137P
7/26/2016 6:56:11 PM +00:00,cmsother\2011\hosp_saf_lds_100_2011\hosp_instval_lds_100_2011.zip,..\Processed\hosp_instval_lds_100_2011.zip,32945990,26092,20150421-137P
7/26/2016 6:56:11 PM +00:00,cmsother\2011\hosp_saf_lds_100_2011\hosp_instval_lds_v6.sas,..\Processed\hosp_instval_lds_v6.sas,3981,26092,20150421-137P
7/26/2016 6:56:12 PM +00:00,cmsother\2011\hosp_saf_lds_100_2011\hosp_instval_lds_v8.sas,..\Processed\hosp_instval_lds_v8.sas,3130,26092,20150421-137P
7/26/2016 6:56:12 PM +00:00,cmsother\2011\hosp_saf_lds_100_2011\hosp_revenuej_lds_100_2011.fts,..\Processed\hosp_revenuej_lds_100_2011.fts,3473,26092,20150421-137P
7/26/2016 6:57:01 PM +00:00,cmsother\2011\hosp_saf_lds_100_2011\hosp_revenuej_lds_100_2011.zip,..\Processed\hosp_revenuej_lds_100_2011.zip,569880704,26092,20150421-137P
7/26/2016 6:57:02 PM +00:00,cmsother\2011\hosp_saf_lds_100_2011\hosp_revenuej_lds_v6.sas,..\Processed\hosp_revenuej_lds_v6.sas,8157,26092,20150421-137P
7/26/2016 6:57:02 PM +00:00,cmsother\2011\hosp_saf_lds_100_2011\hosp_revenuej_lds_v8.sas,..\Processed\hosp_revenuej_lds_v8.sas,5926,26092,20150421-137P
7/26/2016 7:13:20 PM +00:00,cmsother\2012\hosp_saf_lds_100_2012\hosp_claimsj_lds_100_2012.fts,..\Processed\hosp_claimsj_lds_100_2012.fts,15273,26092,20150421-137P
7/26/2016 7:13:31 PM +00:00,cmsother\2012\hosp_saf_lds_100_2012\hosp_claimsj_lds_100_2012.zip,..\Processed\hosp_claimsj_lds_100_2012.zip,122671662,26092,20150421-137P
7/26/2016 7:13:32 PM +00:00,cmsother\2012\hosp_saf_lds_100_2012\hosp_claimsj_lds_v6.sas,..\Processed\hosp_claimsj_lds_v6.sas,44638,26092,20150421-137P
7/26/2016 7:13:32 PM +00:00,cmsother\2012\hosp_saf_lds_100_2012\hosp_claimsj_lds_v8.sas,..\Processed\hosp_claimsj_lds_v8.sas,29739,26092,20150421-137P
7/26/2016 7:13:32 PM +00:00,cmsother\2012\hosp_saf_lds_100_2012\hosp_instcond_lds_100_2012.fts,..\Processed\hosp_instcond_lds_100_2012.fts,2043,26092,20150421-137P
7/26/2016 7:13:34 PM +00:00,cmsother\2012\hosp_saf_lds_100_2012\hosp_instcond_lds_100_2012.zip,..\Processed\hosp_instcond_lds_100_2012.zip,6689360,26092,20150421-137P
7/26/2016 7:13:35 PM +00:00,cmsother\2012\hosp_saf_lds_100_2012\hosp_instcond_lds_v6.sas,..\Processed\hosp_instcond_lds_v6.sas,3639,26092,20150421-137P
7/26/2016 7:13:35 PM +00:00,cmsother\2012\hosp_saf_lds_100_2012\hosp_instcond_lds_v8.sas,..\Processed\hosp_instcond_lds_v8.sas,2906,26092,20150421-137P
7/26/2016 7:13:35 PM +00:00,cmsother\2012\hosp_saf_lds_100_2012\hosp_instoccr_lds_100_2012.fts,..\Processed\hosp_instoccr_lds_100_2012.fts,2163,26092,20150421-137P
7/26/2016 7:13:38 PM +00:00,cmsother\2012\hosp_saf_lds_100_2012\hosp_instoccr_lds_100_2012.zip,..\Processed\hosp_instoccr_lds_100_2012.zip,24512495,26092,20150421-137P
7/26/2016 7:13:39 PM +00:00,cmsother\2012\hosp_saf_lds_100_2012\hosp_instoccr_lds_v6.sas,..\Processed\hosp_instoccr_lds_v6.sas,4020,26092,20150421-137P
7/26/2016 7:13:39 PM +00:00,cmsother\2012\hosp_saf_lds_100_2012\hosp_instoccr_lds_v8.sas,..\Processed\hosp_instoccr_lds_v8.sas,3171,26092,20150421-137P
7/26/2016 7:13:39 PM +00:00,cmsother\2012\hosp_saf_lds_100_2012\hosp_instval_lds_100_2012.fts,..\Processed\hosp_instval_lds_100_2012.fts,2126,26092,20150421-137P
7/26/2016 7:13:44 PM +00:00,cmsother\2012\hosp_saf_lds_100_2012\hosp_instval_lds_100_2012.zip,..\Processed\hosp_instval_lds_100_2012.zip,42395031,26092,20150421-137P
7/26/2016 7:13:44 PM +00:00,cmsother\2012\hosp_saf_lds_100_2012\hosp_instval_lds_v6.sas,..\Processed\hosp_instval_lds_v6.sas,3968,26092,20150421-137P
7/26/2016 7:13:45 PM +00:00,cmsother\2012\hosp_saf_lds_100_2012\hosp_instval_lds_v8.sas,..\Processed\hosp_instval_lds_v8.sas,3099,26092,20150421-137P
7/26/2016 7:13:45 PM +00:00,cmsother\2012\hosp_saf_lds_100_2012\hosp_revenuej_lds_100_2012.fts,..\Processed\hosp_revenuej_lds_100_2012.fts,3475,26092,20150421-137P
7/26/2016 7:14:40 PM +00:00,cmsother\2012\hosp_saf_lds_100_2012\hosp_revenuej_lds_100_2012.zip,..\Processed\hosp_revenuej_lds_100_2012.zip,633864121,26092,20150421-137P
7/26/2016 7:14:40 PM +00:00,cmsother\2012\hosp_saf_lds_100_2012\hosp_revenuej_lds_v6.sas,..\Processed\hosp_revenuej_lds_v6.sas,8146,26092,20150421-137P
7/26/2016 7:14:40 PM +00:00,cmsother\2012\hosp_saf_lds_100_2012\hosp_revenuej_lds_v8.sas,..\Processed\hosp_revenuej_lds_v8.sas,5900,26092,20150421-137P
7/26/2016 9:12:48 PM +00:00,cmsother\\2011\snf_saf_lds_100_2011\snf_claimsj_lds_100_2011.fts,..\Processed\snf_claimsj_lds_100_2011.fts,28122,26092,20150421-137P
7/26/2016 9:12:48 PM +00:00,cmsother\\2011\snf_saf_lds_100_2011\snf_claimsj_lds_v6.sas,..\Processed\snf_claimsj_lds_v6.sas,84360,26092,20150421-137P
7/26/2016 9:12:48 PM +00:00,cmsother\\2011\snf_saf_lds_100_2011\snf_claimsj_lds_v8.sas,..\Processed\snf_claimsj_lds_v8.sas,56153,26092,20150421-137P
7/26/2016 9:12:49 PM +00:00,cmsother\\2011\snf_saf_lds_100_2011\snf_instcond_lds_100_2011.fts,..\Processed\snf_instcond_lds_100_2011.fts,2034,26092,20150421-137P
7/26/2016 9:12:52 PM +00:00,cmsother\\2011\snf_saf_lds_100_2011\snf_instcond_lds_100_2011.zip,..\Processed\snf_instcond_lds_100_2011.zip,16338224,26092,20150421-137P
7/26/2016 9:12:52 PM +00:00,cmsother\\2011\snf_saf_lds_100_2011\snf_instcond_lds_v6.sas,..\Processed\snf_instcond_lds_v6.sas,3634,26092,20150421-137P
7/26/2016 9:12:52 PM +00:00,cmsother\\2011\snf_saf_lds_100_2011\snf_instcond_lds_v8.sas,..\Processed\snf_instcond_lds_v8.sas,2919,26092,20150421-137P
7/26/2016 9:12:53 PM +00:00,cmsother\\2011\snf_saf_lds_100_2011\snf_instoccr_lds_100_2011.fts,..\Processed\snf_instoccr_lds_100_2011.fts,2154,26092,20150421-137P
7/26/2016 9:12:58 PM +00:00,cmsother\\2011\snf_saf_lds_100_2011\snf_instoccr_lds_100_2011.zip,..\Processed\snf_instoccr_lds_100_2011.zip,56410996,26092,20150421-137P
7/26/2016 9:12:59 PM +00:00,cmsother\\2011\snf_saf_lds_100_2011\snf_instoccr_lds_v6.sas,..\Processed\snf_instoccr_lds_v6.sas,4015,26092,20150421-137P
7/26/2016 9:12:59 PM +00:00,cmsother\\2011\snf_saf_lds_100_2011\snf_instoccr_lds_v8.sas,..\Processed\snf_instoccr_lds_v8.sas,3184,26092,20150421-137P
7/26/2016 9:12:59 PM +00:00,cmsother\\2011\snf_saf_lds_100_2011\snf_instval_lds_100_2011.fts,..\Processed\snf_instval_lds_100_2011.fts,2117,26092,20150421-137P
7/26/2016 9:13:03 PM +00:00,cmsother\\2011\snf_saf_lds_100_2011\snf_instval_lds_100_2011.zip,..\Processed\snf_instval_lds_100_2011.zip,28620650,26092,20150421-137P
7/26/2016 9:13:03 PM +00:00,cmsother\\2011\snf_saf_lds_100_2011\snf_instval_lds_v6.sas,..\Processed\snf_instval_lds_v6.sas,3963,26092,20150421-137P
7/26/2016 9:13:04 PM +00:00,cmsother\\2011\snf_saf_lds_100_2011\snf_instval_lds_v8.sas,..\Processed\snf_instval_lds_v8.sas,3112,26092,20150421-137P
7/26/2016 9:13:04 PM +00:00,cmsother\\2011\snf_saf_lds_100_2011\snf_revenuej_lds_100_2011.fts,..\Processed\snf_revenuej_lds_100_2011.fts,2732,26092,20150421-137P
7/26/2016 9:13:38 PM +00:00,cmsother\\2011\snf_saf_lds_100_2011\snf_revenuej_lds_100_2011.zip,..\Processed\snf_revenuej_lds_100_2011.zip,389309118,26092,20150421-137P
7/26/2016 9:13:39 PM +00:00,cmsother\\2011\snf_saf_lds_100_2011\snf_revenuej_lds_v6.sas,..\Processed\snf_revenuej_lds_v6.sas,5855,26092,20150421-137P
7/26/2016 9:13:39 PM +00:00,cmsother\\2011\snf_saf_lds_100_2011\snf_revenuej_lds_v8.sas,..\Processed\snf_revenuej_lds_v8.sas,4369,26092,20150421-137P
7/26/2016 9:13:39 PM +00:00,cmsother\\2012\snf_saf_lds_100_2012_exe\snf_claimsj_lds_100_2012.fts,..\Processed\snf_claimsj_lds_100_2012.fts,28124,26092,20150421-137P
7/26/2016 9:14:03 PM +00:00,cmsother\\2012\snf_saf_lds_100_2012_exe\snf_claimsj_lds_100_2012.zip,..\Processed\snf_claimsj_lds_100_2012.zip,268829533,26092,20150421-137P
7/26/2016 9:14:04 PM +00:00,cmsother\\2012\snf_saf_lds_100_2012_exe\snf_claimsj_lds_v6.sas,..\Processed\snf_claimsj_lds_v6.sas,84349,26092,20150421-137P
7/26/2016 9:14:04 PM +00:00,cmsother\\2012\snf_saf_lds_100_2012_exe\snf_claimsj_lds_v8.sas,..\Processed\snf_claimsj_lds_v8.sas,56127,26092,20150421-137P
7/26/2016 9:14:04 PM +00:00,cmsother\\2012\snf_saf_lds_100_2012_exe\snf_instcond_lds_100_2012.fts,..\Processed\snf_instcond_lds_100_2012.fts,2036,26092,20150421-137P
7/26/2016 9:14:07 PM +00:00,cmsother\\2012\snf_saf_lds_100_2012_exe\snf_instcond_lds_100_2012.zip,..\Processed\snf_instcond_lds_100_2012.zip,13527018,26092,20150421-137P
7/26/2016 9:14:07 PM +00:00,cmsother\\2012\snf_saf_lds_100_2012_exe\snf_instcond_lds_v6.sas,..\Processed\snf_instcond_lds_v6.sas,3621,26092,20150421-137P
7/26/2016 9:14:07 PM +00:00,cmsother\\2012\snf_saf_lds_100_2012_exe\snf_instcond_lds_v8.sas,..\Processed\snf_instcond_lds_v8.sas,2888,26092,20150421-137P
7/26/2016 9:14:08 PM +00:00,cmsother\\2012\snf_saf_lds_100_2012_exe\snf_instoccr_lds_100_2012.fts,..\Processed\snf_instoccr_lds_100_2012.fts,2156,26092,20150421-137P
7/26/2016 9:14:13 PM +00:00,cmsother\\2012\snf_saf_lds_100_2012_exe\snf_instoccr_lds_100_2012.zip,..\Processed\snf_instoccr_lds_100_2012.zip,49574044,26092,20150421-137P
7/26/2016 9:14:13 PM +00:00,cmsother\\2012\snf_saf_lds_100_2012_exe\snf_instoccr_lds_v6.sas,..\Processed\snf_instoccr_lds_v6.sas,4002,26092,20150421-137P
7/26/2016 9:14:13 PM +00:00,cmsother\\2012\snf_saf_lds_100_2012_exe\snf_instoccr_lds_v8.sas,..\Processed\snf_instoccr_lds_v8.sas,3153,26092,20150421-137P
7/26/2016 9:14:14 PM +00:00,cmsother\\2012\snf_saf_lds_100_2012_exe\snf_instval_lds_100_2012.fts,..\Processed\snf_instval_lds_100_2012.fts,2120,26092,20150421-137P
7/26/2016 9:14:20 PM +00:00,cmsother\\2012\snf_saf_lds_100_2012_exe\snf_instval_lds_100_2012.zip,..\Processed\snf_instval_lds_100_2012.zip,55610755,26092,20150421-137P
7/26/2016 9:14:20 PM +00:00,cmsother\\2012\snf_saf_lds_100_2012_exe\snf_instval_lds_v6.sas,..\Processed\snf_instval_lds_v6.sas,3950,26092,20150421-137P
7/26/2016 9:14:21 PM +00:00,cmsother\\2012\snf_saf_lds_100_2012_exe\snf_instval_lds_v8.sas,..\Processed\snf_instval_lds_v8.sas,3081,26092,20150421-137P
7/26/2016 9:14:21 PM +00:00,cmsother\\2012\snf_saf_lds_100_2012_exe\snf_revenuej_lds_100_2012.fts,..\Processed\snf_revenuej_lds_100_2012.fts,2734,26092,20150421-137P
7/26/2016 9:14:54 PM +00:00,cmsother\\2012\snf_saf_lds_100_2012_exe\snf_revenuej_lds_100_2012.zip,..\Processed\snf_revenuej_lds_100_2012.zip,378515525,26092,20150421-137P
7/26/2016 9:14:54 PM +00:00,cmsother\\2012\snf_saf_lds_100_2012_exe\snf_revenuej_lds_v6.sas,..\Processed\snf_revenuej_lds_v6.sas,5844,26092,20150421-137P
7/26/2016 9:14:55 PM +00:00,cmsother\\2012\snf_saf_lds_100_2012_exe\snf_revenuej_lds_v8.sas,..\Processed\snf_revenuej_lds_v8.sas,4343,26092,20150421-137P
7/26/2016 9:14:55 PM +00:00,cmsother\\2013\hosp_saf_lds_100_2013\hosp_claimsj_lds_100_2013.fts,..\Processed\hosp_claimsj_lds_100_2013.fts,15274,26092,20150421-137P
7/26/2016 9:15:11 PM +00:00,cmsother\\2013\hosp_saf_lds_100_2013\hosp_claimsj_lds_100_2013.zip,..\Processed\hosp_claimsj_lds_100_2013.zip,178824007,26092,20150421-137P
7/26/2016 9:15:12 PM +00:00,cmsother\\2013\hosp_saf_lds_100_2013\hosp_claimsj_lds_v6.sas,..\Processed\hosp_claimsj_lds_v6.sas,44639,26092,20150421-137P
7/26/2016 9:15:12 PM +00:00,cmsother\\2013\hosp_saf_lds_100_2013\hosp_claimsj_lds_v8.sas,..\Processed\hosp_claimsj_lds_v8.sas,29740,26092,20150421-137P
7/26/2016 9:15:12 PM +00:00,cmsother\\2013\hosp_saf_lds_100_2013\hosp_instcond_lds_100_2013.fts,..\Processed\hosp_instcond_lds_100_2013.fts,2044,26092,20150421-137P
7/26/2016 9:15:15 PM +00:00,cmsother\\2013\hosp_saf_lds_100_2013\hosp_instcond_lds_100_2013.zip,..\Processed\hosp_instcond_lds_100_2013.zip,7407560,26092,20150421-137P
7/26/2016 9:15:15 PM +00:00,cmsother\\2013\hosp_saf_lds_100_2013\hosp_instcond_lds_v6.sas,..\Processed\hosp_instcond_lds_v6.sas,3640,26092,20150421-137P
7/26/2016 9:15:15 PM +00:00,cmsother\\2013\hosp_saf_lds_100_2013\hosp_instcond_lds_v8.sas,..\Processed\hosp_instcond_lds_v8.sas,2907,26092,20150421-137P
7/26/2016 9:15:16 PM +00:00,cmsother\\2013\hosp_saf_lds_100_2013\hosp_instoccr_lds_100_2013.fts,..\Processed\hosp_instoccr_lds_100_2013.fts,2164,26092,20150421-137P
7/26/2016 9:15:20 PM +00:00,cmsother\\2013\hosp_saf_lds_100_2013\hosp_instoccr_lds_100_2013.zip,..\Processed\hosp_instoccr_lds_100_2013.zip,29832906,26092,20150421-137P
7/26/2016 9:15:20 PM +00:00,cmsother\\2013\hosp_saf_lds_100_2013\hosp_instoccr_lds_v6.sas,..\Processed\hosp_instoccr_lds_v6.sas,4021,26092,20150421-137P
7/26/2016 9:15:20 PM +00:00,cmsother\\2013\hosp_saf_lds_100_2013\hosp_instoccr_lds_v8.sas,..\Processed\hosp_instoccr_lds_v8.sas,3172,26092,20150421-137P
7/26/2016 9:15:20 PM +00:00,cmsother\\2013\hosp_saf_lds_100_2013\hosp_instval_lds_100_2013.fts,..\Processed\hosp_instval_lds_100_2013.fts,2128,26092,20150421-137P
7/26/2016 9:15:28 PM +00:00,cmsother\\2013\hosp_saf_lds_100_2013\hosp_instval_lds_100_2013.zip,..\Processed\hosp_instval_lds_100_2013.zip,65350528,26092,20150421-137P
7/26/2016 9:15:28 PM +00:00,cmsother\\2013\hosp_saf_lds_100_2013\hosp_instval_lds_v6.sas,..\Processed\hosp_instval_lds_v6.sas,3969,26092,20150421-137P
7/26/2016 9:15:29 PM +00:00,cmsother\\2013\hosp_saf_lds_100_2013\hosp_instval_lds_v8.sas,..\Processed\hosp_instval_lds_v8.sas,3100,26092,20150421-137P
7/26/2016 9:15:29 PM +00:00,cmsother\\2013\hosp_saf_lds_100_2013\hosp_revenuej_lds_100_2013.fts,..\Processed\hosp_revenuej_lds_100_2013.fts,3476,26092,20150421-137P
7/26/2016 9:16:24 PM +00:00,cmsother\\2013\hosp_saf_lds_100_2013\hosp_revenuej_lds_100_2013.zip,..\Processed\hosp_revenuej_lds_100_2013.zip,609398857,26092,20150421-137P
7/26/2016 9:16:25 PM +00:00,cmsother\\2013\hosp_saf_lds_100_2013\hosp_revenuej_lds_v6.sas,..\Processed\hosp_revenuej_lds_v6.sas,8147,26092,20150421-137P
7/26/2016 9:16:25 PM +00:00,cmsother\\2013\hosp_saf_lds_100_2013\hosp_revenuej_lds_v8.sas,..\Processed\hosp_revenuej_lds_v8.sas,5901,26092,20150421-137P
7/26/2016 9:16:26 PM +00:00,cmsother\\2013\snf_saf_lds_100_2013\snf_claimsj_lds_100_2013.fts,..\Processed\snf_claimsj_lds_100_2013.fts,28125,26092,20150421-137P
7/26/2016 9:16:52 PM +00:00,cmsother\\2013\snf_saf_lds_100_2013\snf_claimsj_lds_100_2013.zip,..\Processed\snf_claimsj_lds_100_2013.zip,268182840,26092,20150421-137P
7/26/2016 9:16:53 PM +00:00,cmsother\\2013\snf_saf_lds_100_2013\snf_claimsj_lds_v6.sas,..\Processed\snf_claimsj_lds_v6.sas,84350,26092,20150421-137P
7/26/2016 9:16:53 PM +00:00,cmsother\\2013\snf_saf_lds_100_2013\snf_claimsj_lds_v8.sas,..\Processed\snf_claimsj_lds_v8.sas,56128,26092,20150421-137P
7/26/2016 9:16:53 PM +00:00,cmsother\\2013\snf_saf_lds_100_2013\snf_instcond_lds_100_2013.fts,..\Processed\snf_instcond_lds_100_2013.fts,2037,26092,20150421-137P
7/26/2016 9:16:56 PM +00:00,cmsother\\2013\snf_saf_lds_100_2013\snf_instcond_lds_100_2013.zip,..\Processed\snf_instcond_lds_100_2013.zip,13281408,26092,20150421-137P
7/26/2016 9:16:56 PM +00:00,cmsother\\2013\snf_saf_lds_100_2013\snf_instcond_lds_v6.sas,..\Processed\snf_instcond_lds_v6.sas,3622,26092,20150421-137P
7/26/2016 9:16:56 PM +00:00,cmsother\\2013\snf_saf_lds_100_2013\snf_instcond_lds_v8.sas,..\Processed\snf_instcond_lds_v8.sas,2889,26092,20150421-137P
7/26/2016 9:16:57 PM +00:00,cmsother\\2013\snf_saf_lds_100_2013\snf_instoccr_lds_100_2013.fts,..\Processed\snf_instoccr_lds_100_2013.fts,2157,26092,20150421-137P
7/26/2016 9:17:02 PM +00:00,cmsother\\2013\snf_saf_lds_100_2013\snf_instoccr_lds_100_2013.zip,..\Processed\snf_instoccr_lds_100_2013.zip,48769098,26092,20150421-137P
7/26/2016 9:17:02 PM +00:00,cmsother\\2013\snf_saf_lds_100_2013\snf_instoccr_lds_v6.sas,..\Processed\snf_instoccr_lds_v6.sas,4003,26092,20150421-137P
7/26/2016 9:17:02 PM +00:00,cmsother\\2013\snf_saf_lds_100_2013\snf_instoccr_lds_v8.sas,..\Processed\snf_instoccr_lds_v8.sas,3154,26092,20150421-137P
7/26/2016 9:17:03 PM +00:00,cmsother\\2013\snf_saf_lds_100_2013\snf_instval_lds_100_2013.fts,..\Processed\snf_instval_lds_100_2013.fts,2121,26092,20150421-137P
7/26/2016 9:17:11 PM +00:00,cmsother\\2013\snf_saf_lds_100_2013\snf_instval_lds_100_2013.zip,..\Processed\snf_instval_lds_100_2013.zip,81782563,26092,20150421-137P
7/26/2016 9:17:11 PM +00:00,cmsother\\2013\snf_saf_lds_100_2013\snf_instval_lds_v6.sas,..\Processed\snf_instval_lds_v6.sas,3951,26092,20150421-137P
7/26/2016 9:17:11 PM +00:00,cmsother\\2013\snf_saf_lds_100_2013\snf_instval_lds_v8.sas,..\Processed\snf_instval_lds_v8.sas,3082,26092,20150421-137P
7/26/2016 9:17:12 PM +00:00,cmsother\\2013\snf_saf_lds_100_2013\snf_revenuej_lds_100_2013.fts,..\Processed\snf_revenuej_lds_100_2013.fts,2735,26092,20150421-137P
7/26/2016 9:17:44 PM +00:00,cmsother\\2013\snf_saf_lds_100_2013\snf_revenuej_lds_100_2013.zip,..\Processed\snf_revenuej_lds_100_2013.zip,376053092,26092,20150421-137P
7/26/2016 9:17:45 PM +00:00,cmsother\\2013\snf_saf_lds_100_2013\snf_revenuej_lds_v6.sas,..\Processed\snf_revenuej_lds_v6.sas,5845,26092,20150421-137P
7/26/2016 9:17:45 PM +00:00,cmsother\\2013\snf_saf_lds_100_2013\snf_revenuej_lds_v8.sas,..\Processed\snf_revenuej_lds_v8.sas,4344,26092,20150421-137P
7/27/2016 1:46:37 PM +00:00,cmsoutpatient\\2011\out_claimsj_saf_lds_100_2011\out_claimsj_lds_100_2011.fts,..\Processed\out_claimsj_lds_100_2011.fts,26655,26092,20150421-137P
7/27/2016 1:50:03 PM +00:00,cmsoutpatient\\2011\out_claimsj_saf_lds_100_2011\out_claimsj_lds_100_2011_a.zip,..\Processed\out_claimsj_lds_100_2011_a.zip,2405807427,26092,20150421-137P
7/27/2016 1:53:44 PM +00:00,cmsoutpatient\\2011\out_claimsj_saf_lds_100_2011\out_claimsj_lds_100_2011_b.zip,..\Processed\out_claimsj_lds_100_2011_b.zip,2521852974,26092,20150421-137P
7/27/2016 1:57:17 PM +00:00,cmsoutpatient\\2011\out_claimsj_saf_lds_100_2011\out_claimsj_lds_100_2011_c.zip,..\Processed\out_claimsj_lds_100_2011_c.zip,2496500400,26092,20150421-137P
7/27/2016 1:57:18 PM +00:00,cmsoutpatient\\2011\out_claimsj_saf_lds_100_2011\out_claimsj_lds_v6.sas,..\Processed\out_claimsj_lds_v6.sas,78826,26092,20150421-137P
7/27/2016 1:57:18 PM +00:00,cmsoutpatient\\2011\out_claimsj_saf_lds_100_2011\out_claimsj_lds_v8.sas,..\Processed\out_claimsj_lds_v8.sas,52350,26092,20150421-137P
7/27/2016 1:57:18 PM +00:00,cmsoutpatient\\2012\out_claimsj_saf_lds_100_2012\out_claimsj_lds_100_2012.fts,..\Processed\out_claimsj_lds_100_2012.fts,26817,26092,20150421-137P
7/27/2016 1:59:52 PM +00:00,cmsoutpatient\\2012\out_claimsj_saf_lds_100_2012\out_claimsj_lds_100_2012q1.zip,..\Processed\out_claimsj_lds_100_2012q1.zip,1792610494,26092,20150421-137P
7/27/2016 2:02:28 PM +00:00,cmsoutpatient\\2012\out_claimsj_saf_lds_100_2012\out_claimsj_lds_100_2012q2.zip,..\Processed\out_claimsj_lds_100_2012q2.zip,1823694316,26092,20150421-137P
7/27/2016 2:05:10 PM +00:00,cmsoutpatient\\2012\out_claimsj_saf_lds_100_2012\out_claimsj_lds_100_2012q3.zip,..\Processed\out_claimsj_lds_100_2012q3.zip,1812904795,26092,20150421-137P
7/27/2016 2:07:55 PM +00:00,cmsoutpatient\\2012\out_claimsj_saf_lds_100_2012\out_claimsj_lds_100_2012q4.zip,..\Processed\out_claimsj_lds_100_2012q4.zip,1804417620,26092,20150421-137P
7/27/2016 2:07:56 PM +00:00,cmsoutpatient\\2012\out_claimsj_saf_lds_100_2012\out_claimsj_lds_v6.sas,..\Processed\out_claimsj_lds_v6.sas,79195,26092,20150421-137P
7/27/2016 2:07:56 PM +00:00,cmsoutpatient\\2012\out_claimsj_saf_lds_100_2012\out_claimsj_lds_v8.sas,..\Processed\out_claimsj_lds_v8.sas,52704,26092,20150421-137P
7/27/2016 2:07:56 PM +00:00,cmsoutpatient\\2012\out_revenuej_saf_lds_100_2012\out_revenuej_lds_100_2012.fts,..\Processed\out_revenuej_lds_100_2012.fts,6752,26092,20150421-137P
7/27/2016 2:09:54 PM +00:00,cmsoutpatient\\2012\out_revenuej_saf_lds_100_2012\out_revenuej_lds_100_201201.zip,..\Processed\out_revenuej_lds_100_201201.zip,1324630744,26092,20150421-137P
7/27/2016 2:11:50 PM +00:00,cmsoutpatient\\2012\out_revenuej_saf_lds_100_2012\out_revenuej_lds_100_201202.zip,..\Processed\out_revenuej_lds_100_201202.zip,1276670936,26092,20150421-137P
7/27/2016 2:13:52 PM +00:00,cmsoutpatient\\2012\out_revenuej_saf_lds_100_2012\out_revenuej_lds_100_201203.zip,..\Processed\out_revenuej_lds_100_201203.zip,1356686760,26092,20150421-137P
7/27/2016 2:15:44 PM +00:00,cmsoutpatient\\2012\out_revenuej_saf_lds_100_2012\out_revenuej_lds_100_201204.zip,..\Processed\out_revenuej_lds_100_201204.zip,1307814542,26092,20150421-137P
7/27/2016 2:17:47 PM +00:00,cmsoutpatient\\2012\out_revenuej_saf_lds_100_2012\out_revenuej_lds_100_201205.zip,..\Processed\out_revenuej_lds_100_201205.zip,1383913035,26092,20150421-137P
7/27/2016 2:19:46 PM +00:00,cmsoutpatient\\2012\out_revenuej_saf_lds_100_2012\out_revenuej_lds_100_201206.zip,..\Processed\out_revenuej_lds_100_201206.zip,1319368793,26092,20150421-137P
7/27/2016 2:21:41 PM +00:00,cmsoutpatient\\2012\out_revenuej_saf_lds_100_2012\out_revenuej_lds_100_201207.zip,..\Processed\out_revenuej_lds_100_201207.zip,1322080891,26092,20150421-137P
7/27/2016 2:23:44 PM +00:00,cmsoutpatient\\2012\out_revenuej_saf_lds_100_2012\out_revenuej_lds_100_201208.zip,..\Processed\out_revenuej_lds_100_201208.zip,1390863096,26092,20150421-137P
7/27/2016 2:25:37 PM +00:00,cmsoutpatient\\2012\out_revenuej_saf_lds_100_2012\out_revenuej_lds_100_201209.zip,..\Processed\out_revenuej_lds_100_201209.zip,1291057363,26092,20150421-137P
7/27/2016 2:27:40 PM +00:00,cmsoutpatient\\2012\out_revenuej_saf_lds_100_2012\out_revenuej_lds_100_201210.zip,..\Processed\out_revenuej_lds_100_201210.zip,1430579340,26092,20150421-137P
7/27/2016 2:29:30 PM +00:00,cmsoutpatient\\2012\out_revenuej_saf_lds_100_2012\out_revenuej_lds_100_201211.zip,..\Processed\out_revenuej_lds_100_201211.zip,1286320041,26092,20150421-137P
7/27/2016 2:31:17 PM +00:00,cmsoutpatient\\2012\out_revenuej_saf_lds_100_2012\out_revenuej_lds_100_201212.zip,..\Processed\out_revenuej_lds_100_201212.zip,1217821877,26092,20150421-137P
7/27/2016 2:31:18 PM +00:00,cmsoutpatient\\2012\out_revenuej_saf_lds_100_2012\out_revenuej_lds_v6.sas,..\Processed\out_revenuej_lds_v6.sas,14044,26092,20150421-137P
7/27/2016 2:31:18 PM +00:00,cmsoutpatient\\2012\out_revenuej_saf_lds_100_2012\out_revenuej_lds_v8.sas,..\Processed\out_revenuej_lds_v8.sas,10103,26092,20150421-137P
7/27/2016 2:31:18 PM +00:00,cmsoutpatient\\2012\out_saf_lds_100_2012_instcondoccr\out_instcond_lds_100_2012.fts,..\Processed\out_instcond_lds_100_2012.fts,2049,26092,20150421-137P
7/27/2016 2:31:51 PM +00:00,cmsoutpatient\\2012\out_saf_lds_100_2012_instcondoccr\out_instcond_lds_100_2012.zip,..\Processed\out_instcond_lds_100_2012.zip,369397130,26092,20150421-137P
7/27/2016 2:31:51 PM +00:00,cmsoutpatient\\2012\out_saf_lds_100_2012_instcondoccr\out_instcond_lds_v6.sas,..\Processed\out_instcond_lds_v6.sas,3646,26092,20150421-137P
7/27/2016 2:31:51 PM +00:00,cmsoutpatient\\2012\out_saf_lds_100_2012_instcondoccr\out_instcond_lds_v8.sas,..\Processed\out_instcond_lds_v8.sas,2909,26092,20150421-137P
7/27/2016 2:31:52 PM +00:00,cmsoutpatient\\2012\out_saf_lds_100_2012_instcondoccr\out_instoccr_lds_100_2012.fts,..\Processed\out_instoccr_lds_100_2012.fts,2201,26092,20150421-137P
7/27/2016 2:33:30 PM +00:00,cmsoutpatient\\2012\out_saf_lds_100_2012_instcondoccr\out_instoccr_lds_100_2012.zip,..\Processed\out_instoccr_lds_100_2012.zip,1148301992,26092,20150421-137P
7/27/2016 2:33:30 PM +00:00,cmsoutpatient\\2012\out_saf_lds_100_2012_instcondoccr\out_instoccr_lds_v6.sas,..\Processed\out_instoccr_lds_v6.sas,4027,26092,20150421-137P
7/27/2016 2:33:31 PM +00:00,cmsoutpatient\\2012\out_saf_lds_100_2012_instcondoccr\out_instoccr_lds_v8.sas,..\Processed\out_instoccr_lds_v8.sas,3174,26092,20150421-137P
7/27/2016 2:33:31 PM +00:00,cmsoutpatient\\2012\out_saf_lds_100_2012_instval\out_instval_lds_100_2012.fts,..\Processed\out_instval_lds_100_2012.fts,2165,26092,20150421-137P
7/27/2016 2:36:09 PM +00:00,cmsoutpatient\\2012\out_saf_lds_100_2012_instval\out_instval_lds_100_2012.zip,..\Processed\out_instval_lds_100_2012.zip,1842493436,26092,20150421-137P
7/27/2016 2:36:09 PM +00:00,cmsoutpatient\\2012\out_saf_lds_100_2012_instval\out_instval_lds_v6.sas,..\Processed\out_instval_lds_v6.sas,3975,26092,20150421-137P
7/27/2016 2:36:09 PM +00:00,cmsoutpatient\\2012\out_saf_lds_100_2012_instval\out_instval_lds_v8.sas,..\Processed\out_instval_lds_v8.sas,3102,26092,20150421-137P7/27/2016 8:15:02 PM +00:00,cmsinpatient\\2011\inp_claimsj_lds_100_2011.fts,..\Processed\inp_claimsj_lds_100_2011.fts,34593,26092,20150421-137P
7/27/2016 8:17:41 PM +00:00,cmsinpatient\\2011\inp_claimsj_lds_100_2011.zip,..\Processed\inp_claimsj_lds_100_2011.zip,1383981098,26092,20150421-137P
7/27/2016 8:17:42 PM +00:00,cmsinpatient\\2011\inp_claimsj_lds_v6.sas,..\Processed\inp_claimsj_lds_v6.sas,102281,26092,20150421-137P
7/27/2016 8:17:42 PM +00:00,cmsinpatient\\2011\inp_claimsj_lds_v8.sas,..\Processed\inp_claimsj_lds_v8.sas,68267,26092,20150421-137P
7/27/2016 8:17:42 PM +00:00,cmsinpatient\\2011\inp_instcond_lds_100_2011.fts,..\Processed\inp_instcond_lds_100_2011.fts,2042,26092,20150421-137P
7/27/2016 8:17:52 PM +00:00,cmsinpatient\\2011\inp_instcond_lds_100_2011.zip,..\Processed\inp_instcond_lds_100_2011.zip,81070327,26092,20150421-137P
7/27/2016 8:17:53 PM +00:00,cmsinpatient\\2011\inp_instcond_lds_v6.sas,..\Processed\inp_instcond_lds_v6.sas,3652,26092,20150421-137P
7/27/2016 8:17:53 PM +00:00,cmsinpatient\\2011\inp_instcond_lds_v8.sas,..\Processed\inp_instcond_lds_v8.sas,2937,26092,20150421-137P
7/27/2016 8:17:53 PM +00:00,cmsinpatient\\2011\inp_instoccr_lds_100_2011.fts,..\Processed\inp_instoccr_lds_100_2011.fts,2161,26092,20150421-137P
7/27/2016 8:18:09 PM +00:00,cmsinpatient\\2011\inp_instoccr_lds_100_2011.zip,..\Processed\inp_instoccr_lds_100_2011.zip,132468947,26092,20150421-137P
7/27/2016 8:18:10 PM +00:00,cmsinpatient\\2011\inp_instoccr_lds_v6.sas,..\Processed\inp_instoccr_lds_v6.sas,4033,26092,20150421-137P
7/27/2016 8:18:10 PM +00:00,cmsinpatient\\2011\inp_instoccr_lds_v8.sas,..\Processed\inp_instoccr_lds_v8.sas,3202,26092,20150421-137P
7/27/2016 8:18:10 PM +00:00,cmsinpatient\\2011\inp_instval_lds_100_2011.fts,..\Processed\inp_instval_lds_100_2011.fts,2126,26092,20150421-137P
7/27/2016 8:38:36 PM +00:00,cmsinpatient\\2011\inp_instval_lds_100_2011.zip,..\Processed\inp_instval_lds_100_2011.zip,244382766,26092,20150421-137P
7/27/2016 8:38:36 PM +00:00,cmsinpatient\\2011\inp_instval_lds_v6.sas,..\Processed\inp_instval_lds_v6.sas,3981,26092,20150421-137P
7/27/2016 8:38:37 PM +00:00,cmsinpatient\\2011\inp_instval_lds_v8.sas,..\Processed\inp_instval_lds_v8.sas,3130,26092,20150421-137P
7/27/2016 8:38:37 PM +00:00,cmsinpatient\\2011\inp_revenuej_lds_100_2011.fts,..\Processed\inp_revenuej_lds_100_2011.fts,2851,26092,20150421-137P
7/27/2016 8:41:26 PM +00:00,cmsinpatient\\2011\inp_revenuej_lds_100_2011.zip,..\Processed\inp_revenuej_lds_100_2011.zip,1902734510,26092,20150421-137P
7/27/2016 8:41:27 PM +00:00,cmsinpatient\\2011\inp_revenuej_lds_v6.sas,..\Processed\inp_revenuej_lds_v6.sas,6243,26092,20150421-137P
7/27/2016 8:41:27 PM +00:00,cmsinpatient\\2011\inp_revenuej_lds_v8.sas,..\Processed\inp_revenuej_lds_v8.sas,4633,26092,20150421-137P
7/27/2016 8:41:28 PM +00:00,cmsother\\2011\den_saf_lds_100_2011\den_saf_lds_100_2011.fts,..\Processed\den_saf_lds_100_2011.fts,3021,26092,20150421-137P
7/27/2016 8:42:05 PM +00:00,cmsother\\2011\den_saf_lds_100_2011\den_saf_lds_100_2011.zip,..\Processed\den_saf_lds_100_2011.zip,422942947,26092,20150421-137P
7/27/2016 8:42:05 PM +00:00,cmsother\\2011\den_saf_lds_100_2011\den_saf_lds_v6.sas,..\Processed\den_saf_lds_v6.sas,2347,26092,20150421-137P
7/27/2016 8:42:06 PM +00:00,cmsother\\2011\den_saf_lds_100_2011\den_saf_lds_v8.sas,..\Processed\den_saf_lds_v8.sas,4297,26092,20150421-137P

7-Zip [64] 16.02 : Copyright (c) 1999-2016 Igor Pavlov : 2016-05-21

Scanning the drive:
1 file, 13260190364 bytes (13 GiB)

Creating archive: C:\Users\MichaelReband\Source\Repos\Utilities and Tools\PowerShell\BlobStorage\ToAzure\mpacms\cmsoutpatient\2013\out_claimsj_saf_lds_100_2013\out_claimsj_lds_100_2013_q1.zip

Items to compress: 1


Files read from disk: 1
Archive size: 1830504692 bytes (1746 MiB)
Everything is Ok

7-Zip [64] 16.02 : Copyright (c) 1999-2016 Igor Pavlov : 2016-05-21

Scanning the drive:
1 file, 14000058663 bytes (14 GiB)

Creating archive: C:\Users\MichaelReband\Source\Repos\Utilities and Tools\PowerShell\BlobStorage\ToAzure\mpacms\cmsoutpatient\2013\out_claimsj_saf_lds_100_2013\out_claimsj_lds_100_2013_q2.zip

Items to compress: 1


7-Zip [64] 16.02 : Copyright (c) 1999-2016 Igor Pavlov : 2016-05-21

Scanning the drive:
1 file, 14000058663 bytes (14 GiB)

Creating archive: C:\Users\MichaelReband\Source\Repos\Utilities and Tools\PowerShell\BlobStorage\ToAzure\mpacms\cmsoutpatient\2013\out_claimsj_saf_lds_100_2013\out_claimsj_lds_100_2013_q2.zip

Items to compress: 1


Files read from disk: 1
Archive size: 1922111232 bytes (1834 MiB)
Everything is Ok

7-Zip [64] 16.02 : Copyright (c) 1999-2016 Igor Pavlov : 2016-05-21

Scanning the drive:
1 file, 14061112112 bytes (14 GiB)

Creating archive: C:\Users\MichaelReband\Source\Repos\Utilities and Tools\PowerShell\BlobStorage\ToAzure\mpacms\cmsoutpatient\2013\out_claimsj_saf_lds_100_2013\out_claimsj_lds_100_2013_q3.zip

Items to compress: 1


Files read from disk: 1
Archive size: 1928257966 bytes (1839 MiB)
Everything is Ok

7-Zip [64] 16.02 : Copyright (c) 1999-2016 Igor Pavlov : 2016-05-21

Scanning the drive:
1 file, 13878816858 bytes (13 GiB)

Creating archive: C:\Users\MichaelReband\Source\Repos\Utilities and Tools\PowerShell\BlobStorage\ToAzure\mpacms\cmsoutpatient\2013\out_claimsj_saf_lds_100_2013\out_claimsj_lds_100_2013_q4.zip

Items to compress: 1


Files read from disk: 1
Archive size: 1902214723 bytes (1815 MiB)
Everything is Ok
7/27/2016 11:20:27 PM +00:00,cmsoutpatient\\2011\out_inst_saf_lds_100_2011\out_instcond_lds_100_2011.fts,..\Processed\out_instcond_lds_100_2011.fts,2045,26092,20150421-137P
7/27/2016 11:20:58 PM +00:00,cmsoutpatient\\2011\out_inst_saf_lds_100_2011\out_instcond_lds_100_2011.zip,..\Processed\out_instcond_lds_100_2011.zip,337086774,26092,20150421-137P
7/27/2016 11:20:58 PM +00:00,cmsoutpatient\\2011\out_inst_saf_lds_100_2011\out_instcond_lds_v6.sas,..\Processed\out_instcond_lds_v6.sas,3655,26092,20150421-137P
7/27/2016 11:20:59 PM +00:00,cmsoutpatient\\2011\out_inst_saf_lds_100_2011\out_instcond_lds_v8.sas,..\Processed\out_instcond_lds_v8.sas,2940,26092,20150421-137P
7/27/2016 11:20:59 PM +00:00,cmsoutpatient\\2011\out_inst_saf_lds_100_2011\out_instoccr_lds_100_2011.fts,..\Processed\out_instoccr_lds_100_2011.fts,2165,26092,20150421-137P
7/27/2016 11:22:33 PM +00:00,cmsoutpatient\\2011\out_inst_saf_lds_100_2011\out_instoccr_lds_100_2011.zip,..\Processed\out_instoccr_lds_100_2011.zip,1101009006,26092,20150421-137P
7/27/2016 11:22:33 PM +00:00,cmsoutpatient\\2011\out_inst_saf_lds_100_2011\out_instoccr_lds_v6.sas,..\Processed\out_instoccr_lds_v6.sas,4036,26092,20150421-137P
7/27/2016 11:22:34 PM +00:00,cmsoutpatient\\2011\out_inst_saf_lds_100_2011\out_instoccr_lds_v8.sas,..\Processed\out_instoccr_lds_v8.sas,3205,26092,20150421-137P
7/27/2016 11:22:34 PM +00:00,cmsoutpatient\\2011\out_inst_saf_lds_100_2011\out_instval_lds_100_2011.fts,..\Processed\out_instval_lds_100_2011.fts,2129,26092,20150421-137P
7/27/2016 11:25:09 PM +00:00,cmsoutpatient\\2011\out_inst_saf_lds_100_2011\out_instval_lds_100_2011.zip,..\Processed\out_instval_lds_100_2011.zip,1815776111,26092,20150421-137P
7/27/2016 11:25:09 PM +00:00,cmsoutpatient\\2011\out_inst_saf_lds_100_2011\out_instval_lds_v6.sas,..\Processed\out_instval_lds_v6.sas,3984,26092,20150421-137P
7/27/2016 11:25:10 PM +00:00,cmsoutpatient\\2011\out_inst_saf_lds_100_2011\out_instval_lds_v8.sas,..\Processed\out_instval_lds_v8.sas,3133,26092,20150421-137P
7/27/2016 11:25:10 PM +00:00,cmsoutpatient\\2011\out_revenuej_saf_lds_100_2011\out_revenuej_lds_100_2011.fts,..\Processed\out_revenuej_lds_100_2011.fts,5819,26092,20150421-137P
7/27/2016 11:28:31 PM +00:00,cmsoutpatient\\2011\out_revenuej_saf_lds_100_2011\out_revenuej_lds_100_2011_a.zip,..\Processed\out_revenuej_lds_100_2011_a.zip,2360624160,26092,20150421-137P
7/27/2016 11:32:11 PM +00:00,cmsoutpatient\\2011\out_revenuej_saf_lds_100_2011\out_revenuej_lds_100_2011_b.zip,..\Processed\out_revenuej_lds_100_2011_b.zip,2574168556,26092,20150421-137P
7/27/2016 11:32:11 PM +00:00,cmsoutpatient\\2011\out_revenuej_saf_lds_100_2011\out_revenuej_lds_100_2011_c.zip,..\Processed\out_revenuej_lds_100_2011_c.zip,22,26092,20150421-137P
7/27/2016 11:32:11 PM +00:00,cmsoutpatient\\2011\out_revenuej_saf_lds_100_2011\out_revenuej_lds_v6.sas,..\Processed\out_revenuej_lds_v6.sas,13604,26092,20150421-137P
7/27/2016 11:32:12 PM +00:00,cmsoutpatient\\2011\out_revenuej_saf_lds_100_2011\out_revenuej_lds_v8.sas,..\Processed\out_revenuej_lds_v8.sas,9669,26092,20150421-137P
7/27/2016 11:32:12 PM +00:00,cmsoutpatient\\2013\out_claimsj_saf_lds_100_2013\out_claimsj_lds_100_2013.fts,..\Processed\out_claimsj_lds_100_2013.fts,26773,26092,20150421-137P
7/27/2016 11:34:48 PM +00:00,cmsoutpatient\\2013\out_claimsj_saf_lds_100_2013\out_claimsj_lds_100_2013_q1.zip,..\Processed\out_claimsj_lds_100_2013_q1.zip,1830504692,26092,20150421-137P
7/27/2016 11:37:34 PM +00:00,cmsoutpatient\\2013\out_claimsj_saf_lds_100_2013\out_claimsj_lds_100_2013_q2.zip,..\Processed\out_claimsj_lds_100_2013_q2.zip,1922111232,26092,20150421-137P
7/27/2016 11:40:19 PM +00:00,cmsoutpatient\\2013\out_claimsj_saf_lds_100_2013\out_claimsj_lds_100_2013_q3.zip,..\Processed\out_claimsj_lds_100_2013_q3.zip,1928257966,26092,20150421-137P
7/27/2016 11:43:01 PM +00:00,cmsoutpatient\\2013\out_claimsj_saf_lds_100_2013\out_claimsj_lds_100_2013_q4.zip,..\Processed\out_claimsj_lds_100_2013_q4.zip,1902214723,26092,20150421-137P
7/27/2016 11:43:01 PM +00:00,cmsoutpatient\\2013\out_claimsj_saf_lds_100_2013\out_claimsj_lds_v6.sas,..\Processed\out_claimsj_lds_v6.sas,78821,26092,20150421-137P
7/27/2016 11:43:02 PM +00:00,cmsoutpatient\\2013\out_claimsj_saf_lds_100_2013\out_claimsj_lds_v8.sas,..\Processed\out_claimsj_lds_v8.sas,52326,26092,20150421-137P
7/28/2016 5:10:18 PM +00:00,cmsinpatient\\2011\inp_saf_lds_100_2011\inp_claimsj_lds_100_2011.fts,..\Processed\inp_claimsj_lds_100_2011.fts,34593,26092,20150421-137P
7/28/2016 5:12:19 PM +00:00,cmsinpatient\\2011\inp_saf_lds_100_2011\inp_claimsj_lds_100_2011.zip,..\Processed\inp_claimsj_lds_100_2011.zip,1383981098,26092,20150421-137P
7/28/2016 5:12:19 PM +00:00,cmsinpatient\\2011\inp_saf_lds_100_2011\inp_claimsj_lds_v6.sas,..\Processed\inp_claimsj_lds_v6.sas,102281,26092,20150421-137P
7/28/2016 5:12:19 PM +00:00,cmsinpatient\\2011\inp_saf_lds_100_2011\inp_claimsj_lds_v8.sas,..\Processed\inp_claimsj_lds_v8.sas,68267,26092,20150421-137P
7/28/2016 5:12:20 PM +00:00,cmsinpatient\\2011\inp_saf_lds_100_2011\inp_instcond_lds_100_2011.fts,..\Processed\inp_instcond_lds_100_2011.fts,2042,26092,20150421-137P
7/28/2016 5:12:27 PM +00:00,cmsinpatient\\2011\inp_saf_lds_100_2011\inp_instcond_lds_100_2011.zip,..\Processed\inp_instcond_lds_100_2011.zip,81070327,26092,20150421-137P
7/28/2016 5:12:28 PM +00:00,cmsinpatient\\2011\inp_saf_lds_100_2011\inp_instcond_lds_v6.sas,..\Processed\inp_instcond_lds_v6.sas,3652,26092,20150421-137P
7/28/2016 5:12:28 PM +00:00,cmsinpatient\\2011\inp_saf_lds_100_2011\inp_instcond_lds_v8.sas,..\Processed\inp_instcond_lds_v8.sas,2937,26092,20150421-137P
7/28/2016 5:12:28 PM +00:00,cmsinpatient\\2011\inp_saf_lds_100_2011\inp_instoccr_lds_100_2011.fts,..\Processed\inp_instoccr_lds_100_2011.fts,2161,26092,20150421-137P
7/28/2016 5:12:41 PM +00:00,cmsinpatient\\2011\inp_saf_lds_100_2011\inp_instoccr_lds_100_2011.zip,..\Processed\inp_instoccr_lds_100_2011.zip,132468947,26092,20150421-137P
7/28/2016 5:12:42 PM +00:00,cmsinpatient\\2011\inp_saf_lds_100_2011\inp_instoccr_lds_v6.sas,..\Processed\inp_instoccr_lds_v6.sas,4033,26092,20150421-137P
7/28/2016 5:12:42 PM +00:00,cmsinpatient\\2011\inp_saf_lds_100_2011\inp_instoccr_lds_v8.sas,..\Processed\inp_instoccr_lds_v8.sas,3202,26092,20150421-137P
7/28/2016 5:12:42 PM +00:00,cmsinpatient\\2011\inp_saf_lds_100_2011\inp_instval_lds_100_2011.fts,..\Processed\inp_instval_lds_100_2011.fts,2126,26092,20150421-137P
7/28/2016 5:13:04 PM +00:00,cmsinpatient\\2011\inp_saf_lds_100_2011\inp_instval_lds_100_2011.zip,..\Processed\inp_instval_lds_100_2011.zip,244382766,26092,20150421-137P
7/28/2016 5:13:05 PM +00:00,cmsinpatient\\2011\inp_saf_lds_100_2011\inp_instval_lds_v6.sas,..\Processed\inp_instval_lds_v6.sas,3981,26092,20150421-137P
7/28/2016 5:13:05 PM +00:00,cmsinpatient\\2011\inp_saf_lds_100_2011\inp_instval_lds_v8.sas,..\Processed\inp_instval_lds_v8.sas,3130,26092,20150421-137P
7/28/2016 5:13:05 PM +00:00,cmsinpatient\\2011\inp_saf_lds_100_2011\inp_revenuej_lds_100_2011.fts,..\Processed\inp_revenuej_lds_100_2011.fts,2851,26092,20150421-137P
7/28/2016 5:15:49 PM +00:00,cmsinpatient\\2011\inp_saf_lds_100_2011\inp_revenuej_lds_100_2011.zip,..\Processed\inp_revenuej_lds_100_2011.zip,1902734510,26092,20150421-137P
7/28/2016 5:15:50 PM +00:00,cmsinpatient\\2011\inp_saf_lds_100_2011\inp_revenuej_lds_v6.sas,..\Processed\inp_revenuej_lds_v6.sas,6243,26092,20150421-137P
7/28/2016 5:15:50 PM +00:00,cmsinpatient\\2011\inp_saf_lds_100_2011\inp_revenuej_lds_v8.sas,..\Processed\inp_revenuej_lds_v8.sas,4633,26092,20150421-137P
7/28/2016 5:28:31 PM +00:00,cmsoutpatient\\2011\out_revenuej_saf_lds_100_2011\out_revenuej_lds_100_2011_c.zip,..\Processed\out_revenuej_lds_100_2011_c.zip,2578081349,26092,20150421-137P
7/28/2016 5:32:10 PM +00:00,cmsoutpatient\\2011\out_revenuej_saf_lds_100_2011\out_revenuej_lds_100_2011_d.zip,..\Processed\out_revenuej_lds_100_2011_d.zip,2556906518,26092,20150421-137P
7/28/2016 5:35:53 PM +00:00,cmsoutpatient\\2011\out_revenuej_saf_lds_100_2011\out_revenuej_lds_100_2011_e.zip,..\Processed\out_revenuej_lds_100_2011_e.zip,2615174372,26092,20150421-137P
7/28/2016 5:39:30 PM +00:00,cmsoutpatient\\2011\out_revenuej_saf_lds_100_2011\out_revenuej_lds_100_2011_f.zip,..\Processed\out_revenuej_lds_100_2011_f.zip,2483271252,26092,20150421-137P
7/28/2016 5:39:30 PM +00:00,cmsoutpatient\\2013\out_revenuej_saf_lds_100_2013\out_revenuej_lds_100_2013.fts,..\Processed\out_revenuej_lds_100_2013.fts,6440,26092,20150421-137P
7/28/2016 5:41:30 PM +00:00,cmsoutpatient\\2013\out_revenuej_saf_lds_100_2013\out_revenuej_lds_100_201301.zip,..\Processed\out_revenuej_lds_100_201301.zip,1388143359,26092,20150421-137P
7/28/2016 5:43:19 PM +00:00,cmsoutpatient\\2013\out_revenuej_saf_lds_100_2013\out_revenuej_lds_100_201302.zip,..\Processed\out_revenuej_lds_100_201302.zip,1233712412,26092,20150421-137P
7/28/2016 5:45:12 PM +00:00,cmsoutpatient\\2013\out_revenuej_saf_lds_100_2013\out_revenuej_lds_100_201303.zip,..\Processed\out_revenuej_lds_100_201303.zip,1315390989,26092,20150421-137P
7/28/2016 5:47:10 PM +00:00,cmsoutpatient\\2013\out_revenuej_saf_lds_100_2013\out_revenuej_lds_100_201304.zip,..\Processed\out_revenuej_lds_100_201304.zip,1383409313,26092,20150421-137P
7/28/2016 5:49:39 PM +00:00,cmsoutpatient\\2013\out_revenuej_saf_lds_100_2013\out_revenuej_lds_100_201305.zip,..\Processed\out_revenuej_lds_100_201305.zip,1406842242,26092,20150421-137P
7/28/2016 5:52:12 PM +00:00,cmsoutpatient\\2013\out_revenuej_saf_lds_100_2013\out_revenuej_lds_100_201306.zip,..\Processed\out_revenuej_lds_100_201306.zip,1317705339,26092,20150421-137P
7/28/2016 5:54:52 PM +00:00,cmsoutpatient\\2013\out_revenuej_saf_lds_100_2013\out_revenuej_lds_100_201307.zip,..\Processed\out_revenuej_lds_100_201307.zip,1409844883,26092,20150421-137P
7/28/2016 5:57:31 PM +00:00,cmsoutpatient\\2013\out_revenuej_saf_lds_100_2013\out_revenuej_lds_100_201308.zip,..\Processed\out_revenuej_lds_100_201308.zip,1400615344,26092,20150421-137P
7/28/2016 6:00:09 PM +00:00,cmsoutpatient\\2013\out_revenuej_saf_lds_100_2013\out_revenuej_lds_100_201309.zip,..\Processed\out_revenuej_lds_100_201309.zip,1370406812,26092,20150421-137P
7/28/2016 6:03:07 PM +00:00,cmsoutpatient\\2013\out_revenuej_saf_lds_100_2013\out_revenuej_lds_100_201310.zip,..\Processed\out_revenuej_lds_100_201310.zip,1522470013,26092,20150421-137P
7/28/2016 6:05:41 PM +00:00,cmsoutpatient\\2013\out_revenuej_saf_lds_100_2013\out_revenuej_lds_100_201311.zip,..\Processed\out_revenuej_lds_100_201311.zip,1311591825,26092,20150421-137P
7/28/2016 6:07:39 PM +00:00,cmsoutpatient\\2013\out_revenuej_saf_lds_100_2013\out_revenuej_lds_100_201312.zip,..\Processed\out_revenuej_lds_100_201312.zip,1305077402,26092,20150421-137P
7/28/2016 6:07:39 PM +00:00,cmsoutpatient\\2013\out_revenuej_saf_lds_100_2013\out_revenuej_lds_v6.sas,..\Processed\out_revenuej_lds_v6.sas,13597,26092,20150421-137P
7/28/2016 6:07:39 PM +00:00,cmsoutpatient\\2013\out_revenuej_saf_lds_100_2013\out_revenuej_lds_v8.sas,..\Processed\out_revenuej_lds_v8.sas,9643,26092,20150421-137P
7/28/2016 6:07:39 PM +00:00,cmsoutpatient\\2013\out_saf_lds_100_2013_instcondoccr\out_instcond_lds_100_2013.fts,..\Processed\out_instcond_lds_100_2013.fts,2048,26092,20150421-137P
7/28/2016 6:08:16 PM +00:00,cmsoutpatient\\2013\out_saf_lds_100_2013_instcondoccr\out_instcond_lds_100_2013.zip,..\Processed\out_instcond_lds_100_2013.zip,416688367,26092,20150421-137P
7/28/2016 6:08:16 PM +00:00,cmsoutpatient\\2013\out_saf_lds_100_2013_instcondoccr\out_instcond_lds_v6.sas,..\Processed\out_instcond_lds_v6.sas,3647,26092,20150421-137P
7/28/2016 6:08:17 PM +00:00,cmsoutpatient\\2013\out_saf_lds_100_2013_instcondoccr\out_instcond_lds_v8.sas,..\Processed\out_instcond_lds_v8.sas,2910,26092,20150421-137P
7/28/2016 6:08:17 PM +00:00,cmsoutpatient\\2013\out_saf_lds_100_2013_instcondoccr\out_instoccr_lds_100_2013.fts,..\Processed\out_instoccr_lds_100_2013.fts,2168,26092,20150421-137P
7/28/2016 6:09:53 PM +00:00,cmsoutpatient\\2013\out_saf_lds_100_2013_instcondoccr\out_instoccr_lds_100_2013.zip,..\Processed\out_instoccr_lds_100_2013.zip,1120741501,26092,20150421-137P
7/28/2016 6:09:53 PM +00:00,cmsoutpatient\\2013\out_saf_lds_100_2013_instcondoccr\out_instoccr_lds_v6.sas,..\Processed\out_instoccr_lds_v6.sas,4028,26092,20150421-137P
7/28/2016 6:09:54 PM +00:00,cmsoutpatient\\2013\out_saf_lds_100_2013_instcondoccr\out_instoccr_lds_v8.sas,..\Processed\out_instoccr_lds_v8.sas,3175,26092,20150421-137P
7/28/2016 6:09:54 PM +00:00,cmsoutpatient\\2013\out_saf_lds_100_2013_instval\out_instval_lds_100_2013.fts,..\Processed\out_instval_lds_100_2013.fts,2132,26092,20150421-137P
7/28/2016 6:13:37 PM +00:00,cmsoutpatient\\2013\out_saf_lds_100_2013_instval\out_instval_lds_100_2013.zip,..\Processed\out_instval_lds_100_2013.zip,2599403275,26092,20150421-137P
7/28/2016 6:13:37 PM +00:00,cmsoutpatient\\2013\out_saf_lds_100_2013_instval\out_instval_lds_v6.sas,..\Processed\out_instval_lds_v6.sas,3976,26092,20150421-137P
7/28/2016 6:13:37 PM +00:00,cmsoutpatient\\2013\out_saf_lds_100_2013_instval\out_instval_lds_v8.sas,..\Processed\out_instval_lds_v8.sas,3103,26092,20150421-137P
7/28/2016 6:14:35 PM +00:00,cmsother\\2012\den_saf_lds_100_2012.fts,..\Processed\den_saf_lds_100_2012.fts,3021,26092,20150421-137P
7/28/2016 6:15:14 PM +00:00,cmsother\\2012\den_saf_lds_100_2012.zip,..\Processed\den_saf_lds_100_2012.zip,439995008,26092,20150421-137P
7/28/2016 6:15:14 PM +00:00,cmsother\\2012\den_saf_lds_v6.sas,..\Processed\den_saf_lds_v6.sas,2347,26092,20150421-137P
7/28/2016 6:15:14 PM +00:00,cmsother\\2012\den_saf_lds_v8.sas,..\Processed\den_saf_lds_v8.sas,4297,26092,20150421-137P
7/28/2016 6:15:15 PM +00:00,cmsother\\2013\den_saf_lds_100_2013.fts,..\Processed\den_saf_lds_100_2013.fts,3021,26092,20150421-137P
7/28/2016 6:15:54 PM +00:00,cmsother\\2013\den_saf_lds_100_2013.zip,..\Processed\den_saf_lds_100_2013.zip,454942412,26092,20150421-137P
7/28/2016 6:15:54 PM +00:00,cmsother\\2013\den_saf_lds_v6.sas,..\Processed\den_saf_lds_v6.sas,2347,26092,20150421-137P
7/28/2016 6:15:54 PM +00:00,cmsother\\2013\den_saf_lds_v8.sas,..\Processed\den_saf_lds_v8.sas,4297,26092,20150421-137P
7/28/2016 6:37:49 PM +00:00,cmsinpatient\\2012\inp_revenuej_lds_100_2012.zip,..\Processed\inp_revenuej_lds_100_2012.zip,1874469871,26092,20150421-137P
7/28/2016 6:37:49 PM +00:00,cmsinpatient\\2012\inp_revenuej_lds_v6.sas,..\Processed\inp_revenuej_lds_v6.sas,6236,26092,20150421-137P
7/28/2016 6:37:49 PM +00:00,cmsinpatient\\2012\inp_revenuej_lds_v8.sas,..\Processed\inp_revenuej_lds_v8.sas,4607,26092,20150421-137P
7/28/2016 6:37:49 PM +00:00,cmsinpatient\\2013\inp_claimsj_lds_100_2013.fts,..\Processed\inp_claimsj_lds_100_2013.fts,34596,26092,20150421-137P
7/28/2016 6:39:40 PM +00:00,cmsinpatient\\2013\inp_claimsj_lds_100_2013.zip,..\Processed\inp_claimsj_lds_100_2013.zip,1278695252,26092,20150421-137P
7/28/2016 6:39:40 PM +00:00,cmsinpatient\\2013\inp_claimsj_lds_v6.sas,..\Processed\inp_claimsj_lds_v6.sas,102275,26092,20150421-137P
7/28/2016 6:39:41 PM +00:00,cmsinpatient\\2013\inp_claimsj_lds_v8.sas,..\Processed\inp_claimsj_lds_v8.sas,68242,26092,20150421-137P
7/28/2016 6:39:41 PM +00:00,cmsinpatient\\2013\inp_instcond_lds_100_2013.fts,..\Processed\inp_instcond_lds_100_2013.fts,2045,26092,20150421-137P
7/28/2016 6:39:49 PM +00:00,cmsinpatient\\2013\inp_instcond_lds_100_2013.zip,..\Processed\inp_instcond_lds_100_2013.zip,83194117,26092,20150421-137P
7/28/2016 6:39:49 PM +00:00,cmsinpatient\\2013\inp_instcond_lds_v6.sas,..\Processed\inp_instcond_lds_v6.sas,3644,26092,20150421-137P
7/28/2016 6:39:50 PM +00:00,cmsinpatient\\2013\inp_instcond_lds_v8.sas,..\Processed\inp_instcond_lds_v8.sas,2907,26092,20150421-137P
7/28/2016 6:39:50 PM +00:00,cmsinpatient\\2013\inp_instoccr_lds_100_2013.fts,..\Processed\inp_instoccr_lds_100_2013.fts,2164,26092,20150421-137P
7/28/2016 6:40:07 PM +00:00,cmsinpatient\\2013\inp_instoccr_lds_100_2013.zip,..\Processed\inp_instoccr_lds_100_2013.zip,128693918,26092,20150421-137P
7/28/2016 6:40:07 PM +00:00,cmsinpatient\\2013\inp_instoccr_lds_v6.sas,..\Processed\inp_instoccr_lds_v6.sas,4025,26092,20150421-137P
7/28/2016 6:40:08 PM +00:00,cmsinpatient\\2013\inp_instoccr_lds_v8.sas,..\Processed\inp_instoccr_lds_v8.sas,3172,26092,20150421-137P
7/28/2016 6:40:08 PM +00:00,cmsinpatient\\2013\inp_instval_lds_100_2013.fts,..\Processed\inp_instval_lds_100_2013.fts,2129,26092,20150421-137P
7/28/2016 6:40:39 PM +00:00,cmsinpatient\\2013\inp_instval_lds_100_2013.zip,..\Processed\inp_instval_lds_100_2013.zip,355322913,26092,20150421-137P
7/28/2016 6:40:39 PM +00:00,cmsinpatient\\2013\inp_instval_lds_v6.sas,..\Processed\inp_instval_lds_v6.sas,3973,26092,20150421-137P
7/28/2016 6:40:40 PM +00:00,cmsinpatient\\2013\inp_instval_lds_v8.sas,..\Processed\inp_instval_lds_v8.sas,3100,26092,20150421-137P
7/28/2016 6:40:40 PM +00:00,cmsinpatient\\2013\inp_revenuej_lds_100_2013.fts,..\Processed\inp_revenuej_lds_100_2013.fts,2854,26092,20150421-137P
7/28/2016 6:43:15 PM +00:00,cmsinpatient\\2013\inp_revenuej_lds_100_2013.zip,..\Processed\inp_revenuej_lds_100_2013.zip,1807945015,26092,20150421-137P
7/28/2016 6:43:16 PM +00:00,cmsinpatient\\2013\inp_revenuej_lds_v6.sas,..\Processed\inp_revenuej_lds_v6.sas,6237,26092,20150421-137P
7/28/2016 6:43:16 PM +00:00,cmsinpatient\\2013\inp_revenuej_lds_v8.sas,..\Processed\inp_revenuej_lds_v8.sas,4608,26092,20150421-137P
7/28/2016 7:32:40 PM +00:00,cmsinpatient\\2014\inp_claimsj_lds_100_2014.fts,..\Processed\inp_claimsj_lds_100_2014.fts,34597,26092,20150421-137P
7/28/2016 7:34:28 PM +00:00,cmsinpatient\\2014\inp_claimsj_lds_100_2014.zip,..\Processed\inp_claimsj_lds_100_2014.zip,1254723722,26092,20150421-137P
7/28/2016 7:34:28 PM +00:00,cmsinpatient\\2014\inp_claimsj_lds_v6.sas,..\Processed\inp_claimsj_lds_v6.sas,102271,26092,20150421-137P
7/28/2016 7:34:28 PM +00:00,cmsinpatient\\2014\inp_claimsj_lds_v8.sas,..\Processed\inp_claimsj_lds_v8.sas,68242,26092,20150421-137P
7/28/2016 7:34:29 PM +00:00,cmsinpatient\\2014\inp_instcond_lds_100_2014.fts,..\Processed\inp_instcond_lds_100_2014.fts,2045,26092,20150421-137P
7/28/2016 7:34:29 PM +00:00,cmsinpatient\\2014\inp_instcond_lds_v6.sas,..\Processed\inp_instcond_lds_v6.sas,3640,26092,20150421-137P
7/28/2016 7:34:29 PM +00:00,cmsinpatient\\2014\inp_instcond_lds_v8.sas,..\Processed\inp_instcond_lds_v8.sas,2907,26092,20150421-137P
7/28/2016 7:34:30 PM +00:00,cmsinpatient\\2014\inp_instoccr_lds_100_2014.fts,..\Processed\inp_instoccr_lds_100_2014.fts,2164,26092,20150421-137P
7/28/2016 7:34:30 PM +00:00,cmsinpatient\\2014\inp_instoccr_lds_v6.sas,..\Processed\inp_instoccr_lds_v6.sas,4021,26092,20150421-137P
7/28/2016 7:34:30 PM +00:00,cmsinpatient\\2014\inp_instoccr_lds_v8.sas,..\Processed\inp_instoccr_lds_v8.sas,3172,26092,20150421-137P
7/28/2016 7:34:30 PM +00:00,cmsinpatient\\2014\inp_instval_lds_100_2014.fts,..\Processed\inp_instval_lds_100_2014.fts,2129,26092,20150421-137P
7/28/2016 7:34:31 PM +00:00,cmsinpatient\\2014\inp_instval_lds_v6.sas,..\Processed\inp_instval_lds_v6.sas,3969,26092,20150421-137P
7/28/2016 7:34:31 PM +00:00,cmsinpatient\\2014\inp_instval_lds_v8.sas,..\Processed\inp_instval_lds_v8.sas,3100,26092,20150421-137P
7/28/2016 7:34:31 PM +00:00,cmsinpatient\\2014\inp_revenuej_lds_100_2014.fts,..\Processed\inp_revenuej_lds_100_2014.fts,2854,26092,20150421-137P
7/28/2016 7:34:31 PM +00:00,cmsinpatient\\2014\inp_revenuej_lds_v6.sas,..\Processed\inp_revenuej_lds_v6.sas,6233,26092,20150421-137P
7/28/2016 7:34:32 PM +00:00,cmsinpatient\\2014\inp_revenuej_lds_v8.sas,..\Processed\inp_revenuej_lds_v8.sas,4608,26092,20150421-137P
7/28/2016 7:34:32 PM +00:00,cmsother\\2014\den_saf_lds_100_2014\den_saf_lds_100_2014.fts,..\Processed\den_saf_lds_100_2014.fts,3021,26092,20150421-137P
7/28/2016 7:35:13 PM +00:00,cmsother\\2014\den_saf_lds_100_2014\den_saf_lds_100_2014.zip,..\Processed\den_saf_lds_100_2014.zip,470475324,26092,20150421-137P
7/28/2016 7:35:13 PM +00:00,cmsother\\2014\den_saf_lds_100_2014\den_saf_lds_v6.sas,..\Processed\den_saf_lds_v6.sas,2347,26092,20150421-137P
7/28/2016 7:35:13 PM +00:00,cmsother\\2014\den_saf_lds_100_2014\den_saf_lds_v8.sas,..\Processed\den_saf_lds_v8.sas,4297,26092,20150421-137P
